date,ma_max_temp,ma_rain,avg_price
2015/06/01,14.10065789,2.511842105,2540
2015/06/02,14.28618421,2.527631579,2560
2015/06/03,14.46052632,2.525,2500
2015/06/04,14.62105263,2.525,2500
2015/06/05,14.69276316,2.549342105,2460
2015/06/06,14.79473684,2.521052632,2460
2015/06/07,14.92368421,2.488157895,2460
2015/06/08,15.07171053,2.500657895,2560
2015/06/09,15.23157895,2.5,2580
2015/06/10,15.39934211,2.499342105,2540
2015/06/11,15.52236842,2.5125,2480
2015/06/12,15.67434211,2.516447368,2480
2015/06/13,15.82697368,2.508552632,2480
2015/06/14,15.95065789,2.561842105,2480
2015/06/15,16.09407895,2.523026316,2480
2015/06/16,16.21842105,2.523684211,2520
2015/06/17,16.34934211,2.561184211,2480
2015/06/18,16.50855263,2.567763158,2480
2015/06/19,16.64868421,2.582236842,2440
2015/06/20,16.75131579,2.664473684,2440
2015/06/21,16.87894737,2.661842105,2440
2015/06/22,17.01578947,2.663157895,2500
2015/06/23,17.16315789,2.650657895,2430
2015/06/24,17.29473684,2.751315789,2370
2015/06/25,17.40657895,2.854605263,2370
2015/06/26,17.51052632,3.020394737,2270
2015/06/27,17.61447368,3.030263158,2270
2015/06/28,17.76184211,3.007236842,2270
2015/06/29,17.92828947,3.001973684,2370
2015/06/30,18.06513158,3.086842105,2330
2015/07/01,18.22302632,3.090131579,2330
2015/07/02,18.38947368,3.094736842,2280
2015/07/03,18.53618421,3.105921053,2180
2015/07/04,18.66118421,3.103289474,2180
2015/07/05,18.78684211,3.125657895,2180
2015/07/06,18.92302632,3.132894737,2240
2015/07/07,19.03947368,3.252631579,2240
2015/07/08,19.14671053,3.417763158,2240
2015/07/09,19.27368421,3.545394737,2240
2015/07/10,19.45592105,3.541447368,2280
2015/07/11,19.65131579,3.617105263,2280
2015/07/12,19.76973684,3.918421053,2280
2015/07/13,19.88157895,3.947368421,2300
2015/07/14,20.04868421,3.951973684,2260
2015/07/15,20.21710526,4,2160
2015/07/16,20.33223684,4.005921053,2160
2015/07/17,20.43026316,3.9625,2160
2015/07/18,20.5625,3.909868421,2160
2015/07/19,20.70723684,3.913815789,2160
2015/07/20,20.85657895,3.930921053,2180
2015/07/21,20.99013158,3.940789474,2110
2015/07/22,21.11513158,3.967763158,1990
2015/07/23,21.24868421,4.002631579,1950
2015/07/24,21.35526316,4.120394737,1950
2015/07/25,21.49144737,4.260526316,1950
2015/07/26,21.64013158,4.356578947,1950
2015/07/27,21.76644737,4.369078947,1990
2015/07/28,21.92039474,4.381578947,1950
2015/07/29,22.09934211,4.430263158,1910
2015/07/30,22.27368421,4.407894737,1950
2015/07/31,22.44605263,4.416447368,2030
2015/08/01,22.59144737,4.481578947,2030
2015/08/02,22.74671053,4.515789474,2030
2015/08/03,22.93355263,4.519078947,2050
2015/08/04,23.10657895,4.540131579,1970
2015/08/05,23.25723684,4.540789474,1970
2015/08/06,23.40197368,4.544078947,1970
2015/08/07,23.53355263,4.604605263,2010
2015/08/08,23.68026316,4.673684211,2010
2015/08/09,23.87565789,4.671710526,2010
2015/08/10,24.03026316,4.671710526,2010
2015/08/11,24.15921053,4.773684211,1970
2015/08/12,24.27039474,4.8,2020
2015/08/13,24.39407895,4.859868421,2020
2015/08/14,24.49736842,4.890789474,2020
2015/08/15,24.57960526,4.900657895,2020
2015/08/16,24.65526316,4.910526316,2020
2015/08/17,24.78092105,4.694078947,2020
2015/08/18,24.86907895,4.695394737,1980
2015/08/19,24.94868421,4.703947368,1890
2015/08/20,25.02828947,4.713815789,1890
2015/08/21,25.12631579,4.723684211,1930
2015/08/22,25.25855263,4.733552632,1930
2015/08/23,25.3875,4.743421053,1930
2015/08/24,25.50197368,4.753289474,1950
2015/08/25,25.59868421,4.763157895,1990
2015/08/26,25.6875,4.770394737,2190
2015/08/27,25.77039474,4.780263158,2010
2015/08/28,25.85197368,4.789473684,1990
2015/08/29,25.92105263,4.799342105,1990
2015/08/30,26.00921053,4.8,1990
2015/08/31,26.09407895,4.8125,1990
2015/09/01,26.14868421,4.8125,1990
2015/09/02,26.20592105,4.811842105,1930
2015/09/03,26.28552632,4.695394737,1930
2015/09/04,26.39671053,4.699342105,1890
2015/09/05,26.47894737,4.727631579,1890
2015/09/06,26.57039474,4.778947368,1890
2015/09/07,26.66184211,4.777631579,1930
2015/09/08,26.73289474,4.777631579,1930
2015/09/09,26.79078947,4.799342105,1930
2015/09/10,26.84210526,4.817763158,1930
2015/09/11,26.89934211,4.807236842,1850
2015/09/12,26.95855263,4.792763158,1850
2015/09/13,27.04013158,4.730263158,1850
2015/09/14,27.09078947,4.722368421,1950
2015/09/15,27.125,4.704605263,1850
2015/09/16,27.15855263,4.772368421,1810
2015/09/17,27.175,4.805921053,1870
2015/09/18,27.23289474,4.699342105,1870
2015/09/19,27.31118421,4.631578947,1870
2015/09/20,27.34868421,4.628947368,1870
2015/09/21,27.39276316,4.635526316,1870
2015/09/22,27.43092105,4.635526316,1870
2015/09/23,27.42828947,4.761184211,1870
2015/09/24,27.43618421,4.779605263,1930
2015/09/25,27.43223684,4.781578947,1940
2015/09/26,27.43355263,4.781578947,1940
2015/09/27,27.45921053,4.690131579,1940
2015/09/28,27.52565789,4.529605263,1940
2015/09/29,27.54539474,4.520394737,1940
2015/09/30,27.52302632,4.601973684,1890
2015/10/01,27.50263158,4.821710526,2100
2015/10/02,27.51381579,4.738157895,2000
2015/10/03,27.53289474,4.734210526,2000
2015/10/04,27.54539474,4.734210526,2000
2015/10/05,27.5625,4.731578947,2040
2015/10/06,27.57171053,4.728289474,1990
2015/10/07,27.58223684,4.728289474,1990
2015/10/08,27.58486842,4.728289474,1760
2015/10/09,27.57171053,4.733552632,1760
2015/10/10,27.56578947,4.560526316,1760
2015/10/11,27.54868421,4.514473684,1760
2015/10/12,27.50263158,4.521052632,1870
2015/10/13,27.47105263,4.520394737,1830
2015/10/14,27.46644737,4.503947368,1830
2015/10/15,27.45921053,4.501973684,1750
2015/10/16,27.44276316,4.501973684,1640
2015/10/17,27.47434211,4.433552632,1640
2015/10/18,27.48092105,4.432894737,1640
2015/10/19,27.48881579,4.442105263,1620
2015/10/20,27.47565789,4.442105263,1710
2015/10/21,27.45328947,4.453947368,1710
2015/10/22,27.41842105,4.475657895,1650
2015/10/23,27.37894737,4.475657895,1540
2015/10/24,27.34013158,4.490131579,1540
2015/10/25,27.27631579,4.490131579,1540
2015/10/26,27.21118421,4.505263158,1580
2015/10/27,27.1375,4.593421053,1580
2015/10/28,27.05723684,4.593421053,1630
2015/10/29,27.01644737,4.575,1670
2015/10/30,26.92171053,4.575657895,1670
2015/10/31,26.82171053,4.575657895,1670
2015/11/01,26.72171053,4.546710526,1670
2015/11/02,26.64802632,4.547368421,1670
2015/11/03,26.58223684,4.547368421,1670
2015/11/04,26.57828947,4.522368421,1690
2015/11/05,26.54407895,4.523026316,1690
2015/11/06,26.49078947,4.544078947,1690
2015/11/07,26.42894737,4.720394737,1690
2015/11/08,26.34934211,4.808552632,1690
2015/11/09,26.24934211,4.832236842,1690
2015/11/10,26.18157895,4.826973684,1690
2015/11/11,26.10197368,4.872368421,1690
2015/11/12,26.03684211,4.861842105,1690
2015/11/13,25.95197368,4.975657895,1690
2015/11/14,25.87631579,5.005263158,1690
2015/11/15,25.81184211,4.993421053,1690
2015/11/16,25.75197368,5.022368421,1810
2015/11/17,25.68355263,5.017763158,1810
2015/11/18,25.59671053,5.053947368,1690
2015/11/19,25.53157895,4.979605263,1690
2015/11/20,25.46381579,4.978289474,1980
2015/11/21,25.37434211,4.951315789,1980
2015/11/22,25.28947368,4.998684211,1980
2015/11/23,25.19868421,4.942763158,1880
2015/11/24,25.10526316,4.868421053,1980
2015/11/25,24.99934211,4.725,2060
2015/11/26,24.86315789,4.735526316,2060
2015/11/27,24.71381579,4.742105263,2210
2015/11/28,24.57302632,4.734868421,2210
2015/11/29,24.47434211,4.642763158,2210
2015/11/30,24.37039474,4.638815789,2250
2015/12/01,24.26842105,4.634210526,2150
2015/12/02,24.16381579,4.660526316,2110
2015/12/03,24.03421053,4.680263158,2250
2015/12/04,23.89539474,4.664473684,2250
2015/12/05,23.77565789,4.653947368,2250
2015/12/06,23.68026316,4.529605263,2250
2015/12/07,23.59144737,4.368421053,2100
2015/12/08,23.49078947,4.248026316,2100
2015/12/09,23.38092105,4.246052632,2100
2015/12/10,23.25,4.281578947,1930
2015/12/11,23.15065789,4.015131579,1930
2015/12/12,23.04802632,3.988157895,1930
2015/12/13,22.93092105,3.982894737,1930
2015/12/14,22.78881579,3.948026316,1930
2015/12/15,22.67894737,3.945394737,1930
2015/12/16,22.54736842,3.959868421,1930
2015/12/17,22.37894737,3.975,2080
2015/12/18,22.22236842,3.965131579,1980
2015/12/19,22.09802632,3.943421053,1980
2015/12/20,21.95328947,3.933552632,1980
2015/12/21,21.81907895,3.918421053,1990
2015/12/22,21.69407895,3.822368421,1990
2015/12/23,21.57565789,3.711842105,1990
2015/12/24,21.44078947,3.571710526,1980
2015/12/25,21.26842105,3.478289474,1980
2015/12/26,21.13289474,3.463815789,1980
2015/12/27,20.95197368,3.460526316,1980
2015/12/28,20.7625,3.398026316,1980
2015/12/29,20.57631579,3.398026316,2030
2015/12/30,20.40723684,3.392763158,2030
2015/12/31,20.23618421,3.332894737,2030
2016/01/01,20.08026316,3.277631579,2030
2016/01/02,19.94078947,3.273684211,2030
2016/01/03,19.81052632,3.242763158,2030
2016/01/04,19.65921053,3.229605263,2050
2016/01/05,19.46578947,3.240131579,2030
2016/01/06,19.27565789,3.178289474,2030
2016/01/07,19.08421053,3.102631579,2030
2016/01/08,18.89802632,3.104605263,2030
2016/01/09,18.72763158,3.104605263,2030
2016/01/10,18.58157895,3.002631579,2030
2016/01/11,18.42960526,2.992763158,1970
2016/01/12,18.25460526,2.934868421,1970
2016/01/13,18.06973684,2.909210526,1970
2016/01/14,17.88552632,2.901973684,1970
2016/01/15,17.71973684,2.894736842,1930
2016/01/16,17.56118421,2.888815789,1930
2016/01/17,17.39276316,2.9125,1930
2016/01/18,17.20723684,2.909868421,1970
2016/01/19,16.97302632,2.913815789,2100
2016/01/20,16.75328947,2.905921053,2270
2016/01/21,16.54736842,2.914473684,2210
2016/01/22,16.34605263,2.949342105,2230
2016/01/23,16.11776316,2.963815789,2230
2016/01/24,15.86447368,2.980921053,2230
2016/01/25,15.65131579,2.978947368,2670
2016/01/26,15.46710526,2.969736842,3020
2016/01/27,15.30131579,2.959868421,2970
2016/01/28,15.11973684,3.028289474,3120
2016/01/29,14.95986842,3.069078947,3360
2016/01/30,14.81315789,3.053947368,3360
2016/01/31,14.65197368,3.086184211,3360
2016/02/01,14.48355263,3.053947368,3400
2016/02/02,14.31776316,3.047368421,3400
2016/02/03,14.16052632,3.043421053,3500
2016/02/04,14.03223684,2.969078947,3500
2016/02/05,13.90789474,2.905921053,3500
2016/02/06,13.75789474,2.915789474,3500
2016/02/07,13.62039474,2.916447368,3500
2016/02/08,13.49407895,2.901315789,3500
2016/02/09,13.36578947,2.884868421,3500
2016/02/10,13.26184211,2.875657895,3500
2016/02/11,13.20921053,2.85,3340
2016/02/12,13.12697368,3.009868421,3140
2016/02/13,13.06118421,3.094736842,3140
2016/02/14,12.95789474,3.101315789,3140
2016/02/15,12.80197368,3.0375,3180
2016/02/16,12.67039474,2.971052632,3080
2016/02/17,12.54078947,2.969736842,3080
2016/02/18,12.42894737,2.972368421,3180
2016/02/19,12.31578947,2.980263158,3300
2016/02/20,12.19210526,2.975657895,3300
2016/02/21,12.04868421,2.975657895,3300
2016/02/22,11.94736842,2.857236842,3150
2016/02/23,11.83684211,2.841447368,3150
2016/02/24,11.68881579,2.855263158,3110
2016/02/25,11.55394737,2.857894737,3110
2016/02/26,11.42236842,2.865789474,3070
2016/02/27,11.30723684,2.876315789,3070
2016/02/28,11.20197368,2.914473684,3070
2016/02/29,11.06315789,2.836842105,2910
2016/03/01,10.94210526,2.574342105,2910
2016/03/02,10.86710526,2.571052632,2860
2016/03/03,10.80460526,2.574342105,2860
2016/03/04,10.74144737,2.655263158,2910
2016/03/05,10.68355263,2.845394737,2910
2016/03/06,10.61973684,2.873684211,2910
2016/03/07,10.55592105,2.873684211,2950
2016/03/08,10.45855263,2.914473684,2900
2016/03/09,10.37236842,2.955921053,3140
2016/03/10,10.27368421,2.932236842,3100
2016/03/11,10.20065789,2.916447368,3050
2016/03/12,10.13618421,2.909868421,3050
2016/03/13,10.04868421,2.918421053,3050
2016/03/14,9.960526316,2.921052632,2960
2016/03/15,9.892105263,2.921052632,2900
2016/03/16,9.844736842,2.921052632,2800
2016/03/17,9.801973684,2.928947368,2740
2016/03/18,9.7375,3.006578947,2740
2016/03/19,9.692105263,2.994078947,2740
2016/03/20,9.623684211,2.994078947,2740
2016/03/21,9.568421053,2.982236842,2560
2016/03/22,9.536842105,2.960526316,2540
2016/03/23,9.481578947,2.973684211,2500
2016/03/24,9.413815789,2.9625,2460
2016/03/25,9.348026316,2.966447368,2500
2016/03/26,9.295394737,2.959868421,2500
2016/03/27,9.269736842,2.861842105,2500
2016/03/28,9.271052632,2.861842105,2460
2016/03/29,9.278289474,2.857894737,2380
2016/03/30,9.325,2.857236842,2300
2016/03/31,9.371710526,2.858552632,2300
2016/04/01,9.445394737,2.854605263,2300
2016/04/02,9.478289474,2.85,2300
2016/04/03,9.454605263,2.917105263,2300
2016/04/04,9.423026316,2.934868421,2450
2016/04/05,9.414473684,2.934210526,2390
2016/04/06,9.425657895,3.011184211,2390
2016/04/07,9.445394737,2.960526316,2440
2016/04/08,9.482894737,2.871710526,2320
2016/04/09,9.526315789,2.85,2320
2016/04/10,9.565789474,2.851315789,2320
2016/04/11,9.557894737,2.803947368,2390
2016/04/12,9.564473684,2.801973684,2430
2016/04/13,9.591447368,2.728947368,2430
2016/04/14,9.624342105,2.697368421,2430
2016/04/15,9.644736842,2.696052632,2430
2016/04/16,9.673684211,2.834210526,2430
2016/04/17,9.674342105,2.888815789,2430
2016/04/18,9.703947368,2.840131579,2430
2016/04/19,9.748026316,2.832894737,2430
2016/04/20,9.775657895,2.839473684,2430
2016/04/21,9.798684211,3.019736842,2430
2016/04/22,9.853289474,2.966447368,2430
2016/04/23,9.901973684,2.931578947,2430
2016/04/24,9.970394737,2.902631579,2430
2016/04/25,10.08223684,2.847368421,2340
2016/04/26,10.21907895,2.836842105,2090
2016/04/27,10.29013158,3.028947368,2090
2016/04/28,10.36513158,3.051973684,2090
2016/04/29,10.43684211,3.044736842,2170
2016/04/30,10.5125,3.044078947,2170
2016/05/01,10.59868421,3.044078947,2170
2016/05/02,10.68815789,3.064473684,2350
2016/05/03,10.77434211,3.243421053,2520
2016/05/04,10.88092105,3.241447368,2370
2016/05/05,10.99210526,3.259210526,2370
2016/05/06,11.08355263,3.276315789,2370
2016/05/07,11.17039474,3.272368421,2370
2016/05/08,11.25921053,3.267763158,2370
2016/05/09,11.32171053,3.271052632,2370
2016/05/10,11.36118421,3.296052632,2420
2016/05/11,11.43223684,3.270394737,2420
2016/05/12,11.52302632,3.268421053,2470
2016/05/13,11.58552632,3.269736842,2420
2016/05/14,11.68289474,3.244078947,2420
2016/05/15,11.77434211,3.313815789,2420
2016/05/16,11.87828947,3.332894737,2430
2016/05/17,12.04210526,3.315789474,2290
2016/05/18,12.20197368,3.315789474,2210
2016/05/19,12.33355263,3.315789474,2340
2016/05/20,12.47565789,3.301973684,2240
2016/05/21,12.59605263,3.290131579,2240
2016/05/22,12.71184211,3.288815789,2240
2016/05/23,12.83223684,3.282894737,2220
2016/05/24,12.9125,3.414473684,2220
2016/05/25,13.04078947,3.411842105,2220
2016/05/26,13.14539474,3.409868421,2300
2016/05/27,13.29736842,3.406578947,2170
2016/05/28,13.45723684,3.419078947,2170
2016/05/29,13.59539474,3.429605263,2170
2016/05/30,13.73157895,3.419078947,2110
2016/05/31,13.87236842,3.413815789,2210
2016/06/01,13.99605263,3.413815789,2230
2016/06/02,14.09736842,3.415789474,2130
2016/06/03,14.19605263,3.416447368,2130
2016/06/04,14.27828947,3.466447368,2130
2016/06/05,14.42368421,3.453289474,2130
2016/06/06,14.53421053,3.459210526,2130
2016/06/07,14.67368421,3.461842105,2070
2016/06/08,14.81118421,3.477631579,2030
2016/06/09,14.95789474,3.479605263,2030
2016/06/10,15.10131579,3.479605263,1940
2016/06/11,15.25723684,3.465131579,1940
2016/06/12,15.40460526,3.478947368,1940
2016/06/13,15.56842105,3.480921053,1920
2016/06/14,15.725,3.486184211,1920
2016/06/15,15.84671053,3.521052632,1840
2016/06/16,15.96710526,3.538815789,1840
2016/06/17,16.12039474,3.505921053,1800
2016/06/18,16.29210526,3.514473684,1800
2016/06/19,16.50986842,3.521710526,1800
2016/06/20,16.70526316,3.590131579,1840
2016/06/21,16.88815789,3.581578947,1840
2016/06/22,17.05394737,3.606578947,1840
2016/06/23,17.26776316,3.584210526,1820
2016/06/24,17.47894737,3.7625,1820
2016/06/25,17.66118421,3.755263158,1820
2016/06/26,17.82960526,3.754605263,1820
2016/06/27,17.9625,3.774342105,1740
2016/06/28,18.11513158,3.727631579,1760
2016/06/29,18.25855263,3.691447368,1700
2016/06/30,18.40460526,3.693421053,1620
2016/07/01,18.56315789,3.949342105,1680
2016/07/02,18.72697368,4.085526316,1680
2016/07/03,18.87368421,4.255921053,1680
2016/07/04,19.00460526,4.580921053,1740
2016/07/05,19.15197368,4.816447368,1740
2016/07/06,19.29671053,4.973026316,1740
2016/07/07,19.46644737,4.974342105,1740
2016/07/08,19.6375,4.988157895,1740
2016/07/09,19.79736842,4.986184211,1740
2016/07/10,19.95,5.003289474,1740
2016/07/11,20.075,5.034210526,1690
2016/07/12,20.16513158,5.1125,1700
2016/07/13,20.28026316,4.959210526,1660
2016/07/14,20.36842105,4.915131579,1580
2016/07/15,20.49276316,4.917763158,1570
2016/07/16,20.64868421,5.096052632,1570
2016/07/17,20.8,5.106578947,1570
2016/07/18,20.94671053,5.109210526,1640
2016/07/19,21.08092105,5.111842105,1600
2016/07/20,21.21578947,5.107236842,1600
2016/07/21,21.35263158,5.105263158,1510
2016/07/22,21.51381579,5.105263158,1450
2016/07/23,21.67302632,5.142105263,1450
2016/07/24,21.825,5.208552632,1450
2016/07/25,22.00921053,5.264473684,1450
2016/07/26,22.18355263,5.272368421,1450
2016/07/27,22.34407895,5.282894737,1410
2016/07/28,22.48618421,5.280263158,1410
2016/07/29,22.625,5.334868421,1410
2016/07/30,22.83223684,5.379605263,1410
2016/07/31,23.02434211,5.433552632,1410
2016/08/01,23.17171053,5.472368421,1410
2016/08/02,23.27565789,5.504605263,1410
2016/08/03,23.39144737,5.452631579,1440
2016/08/04,23.50394737,5.311842105,1560
2016/08/05,23.62171053,5.303947368,1800
2016/08/06,23.74473684,5.322368421,1800
2016/08/07,23.90592105,5.330921053,1800
2016/08/08,24.07697368,5.376315789,1920
2016/08/09,24.25328947,5.398026316,1820
2016/08/10,24.43618421,5.398026316,1740
2016/08/11,24.61052632,5.398026316,1740
2016/08/12,24.78815789,5.388815789,1740
2016/08/13,24.95328947,5.386184211,1740
2016/08/14,25.09144737,5.410526316,1740
2016/08/15,25.20460526,5.443421053,1740
2016/08/16,25.30131579,5.471052632,1940
2016/08/17,25.41907895,5.4,1890
2016/08/18,25.52894737,5.413815789,1950
2016/08/19,25.65855263,5.428289474,2050
2016/08/20,25.77763158,5.454605263,2050
2016/08/21,25.88815789,5.459868421,2050
2016/08/22,26.02105263,5.463157895,2100
2016/08/23,26.15394737,5.486184211,2100
2016/08/24,26.3,5.486184211,2040
2016/08/25,26.44144737,5.505263158,2040
2016/08/26,26.52828947,5.579605263,2040
2016/08/27,26.59078947,5.592763158,2040
2016/08/28,26.62763158,5.757236842,2040
2016/08/29,26.66052632,5.823684211,2220
2016/08/30,26.68815789,5.845394737,2380
2016/08/31,26.70592105,5.894736842,2280
2016/09/01,26.7625,5.924342105,2460
2016/09/02,26.82302632,6.070394737,2460
2016/09/03,26.9,6.258552632,2460
2016/09/04,26.96381579,6.2875,2460
2016/09/05,27.01776316,6.210526316,2540
2016/09/06,27.08223684,6.065131579,2480
2016/09/07,27.12434211,6.074342105,2320
2016/09/08,27.16447368,6.103289474,2280
2016/09/09,27.21118421,6.111842105,2160
2016/09/10,27.28684211,6.15,2160
2016/09/11,27.34013158,6.153289474,2160
2016/09/12,27.38947368,6.111184211,2160
2016/09/13,27.43355263,6.113157895,2680
2016/09/14,27.47565789,6.119736842,2680
2016/09/15,27.525,5.917763158,2680
2016/09/16,27.57828947,5.900657895,2680
2016/09/17,27.60592105,6.458552632,2680
2016/09/18,27.63092105,6.505921053,2680
2016/09/19,27.65526316,6.516447368,2300
2016/09/20,27.70065789,6.333552632,2540
2016/09/21,27.70065789,6.333552632,2680
2016/09/22,27.72697368,6.325657895,2630
2016/09/23,27.75394737,6.325657895,2530
2016/09/24,27.76842105,6.325657895,2530
2016/09/25,27.77697368,6.302631579,2530
2016/09/26,27.85065789,6.116447368,2470
2016/09/27,27.90263158,6.128947368,2440
2016/09/28,27.92631579,6.204605263,2330
2016/09/29,27.91513158,6.222368421,2180
2016/09/30,27.87960526,6.346710526,2230
2016/10/01,27.86052632,6.315789474,2230
2016/10/02,27.89144737,6.161842105,2230
2016/10/03,27.92236842,6.230921053,2230
2016/10/04,27.93289474,6.228289474,2230
2016/10/05,27.94539474,6.616447368,2230
2016/10/06,27.95197368,6.620394737,2410
2016/10/07,27.93947368,6.666447368,2410
2016/10/08,27.92960526,6.809868421,2410
2016/10/09,27.93618421,6.673026316,2410
2016/10/10,27.92039474,6.663815789,2410
2016/10/11,27.89210526,6.663815789,2370
2016/10/12,27.88618421,6.663157895,2370
2016/10/13,27.86184211,6.663157895,2370
2016/10/14,27.85657895,6.589473684,2410
2016/10/15,27.875,6.549342105,2410
2016/10/16,27.82302632,6.681578947,2410
2016/10/17,27.78486842,6.686842105,2370
2016/10/18,27.74473684,6.688815789,2370
2016/10/19,27.71381579,6.688815789,2370
2016/10/20,27.68026316,6.694078947,2270
2016/10/21,27.62039474,6.705921053,2220
2016/10/22,27.57697368,6.710526316,2220
2016/10/23,27.55526316,6.594736842,2220
2016/10/24,27.51447368,6.596710526,2220
2016/10/25,27.47105263,6.686184211,2240
2016/10/26,27.41315789,6.6875,2300
2016/10/27,27.36381579,6.675657895,2260
2016/10/28,27.30263158,6.705263158,2120
2016/10/29,27.20986842,6.740789474,2120
2016/10/30,27.12565789,6.764473684,2120
2016/10/31,27.03157895,6.768421053,2250
2016/11/01,26.92039474,6.8125,2250
2016/11/02,26.81381579,6.815131579,2310
2016/11/03,26.76052632,6.766447368,2360
2016/11/04,26.69802632,6.765789474,2340
2016/11/05,26.67960526,6.767105263,2340
2016/11/06,26.61973684,6.806578947,2340
2016/11/07,26.57368421,6.802631579,2340
2016/11/08,26.475,6.814473684,2330
2016/11/09,26.35657895,6.838157895,2330
2016/11/10,26.25131579,6.845394737,2290
2016/11/11,26.17894737,6.8375,2290
2016/11/12,26.11907895,6.830263158,2290
2016/11/13,26.05986842,6.859210526,2290
2016/11/14,26.01907895,6.847368421,2300
2016/11/15,25.95065789,6.825657895,2340
2016/11/16,25.85328947,6.825,2340
2016/11/17,25.76710526,6.809210526,2260
2016/11/18,25.68092105,6.872368421,2450
2016/11/19,25.60921053,6.811184211,2450
2016/11/20,25.54078947,6.801973684,2450
2016/11/21,25.46447368,6.7375,2450
2016/11/22,25.34473684,6.747368421,2470
2016/11/23,25.23026316,6.559868421,2470
2016/11/24,25.09144737,6.582236842,2510
2016/11/25,24.95394737,6.582236842,2490
2016/11/26,24.81052632,6.583552632,2490
2016/11/27,24.69013158,6.553947368,2490
2016/11/28,24.57236842,6.540789474,2490
2016/11/29,24.44868421,6.538157895,2490
2016/11/30,24.34210526,6.215789474,2440
2016/12/01,24.23815789,6.047368421,2460
2016/12/02,24.14013158,5.868421053,2460
2016/12/03,24.05789474,5.521710526,2460
2016/12/04,23.94013158,5.286184211,2460
2016/12/05,23.84934211,5.132236842,2460
2016/12/06,23.70328947,5.157236842,2460
2016/12/07,23.55065789,5.143421053,2460
2016/12/08,23.40526316,5.149342105,2480
2016/12/09,23.26315789,5.142105263,2500
2016/12/10,23.11447368,5.168421053,2500
2016/12/11,22.98421053,5.101973684,2500
2016/12/12,22.85592105,5.094736842,2500
2016/12/13,22.72697368,5.068421053,2500
2016/12/14,22.57039474,5.090131579,2500
2016/12/15,22.43157895,4.915789474,2460
2016/12/16,22.27368421,4.915131579,2460
2016/12/17,22.15065789,4.910526316,2460
2016/12/18,22.02565789,4.907236842,2460
2016/12/19,21.90131579,4.945394737,2440
2016/12/20,21.79342105,4.948026316,2600
2016/12/21,21.68552632,5.105921053,2720
2016/12/22,21.58355263,5.170394737,2720
2016/12/23,21.40657895,5.111184211,2560
2016/12/24,21.22763158,5.039473684,2560
2016/12/25,21.07631579,5.031578947,2560
2016/12/26,20.91052632,5.092105263,2560
2016/12/27,20.72828947,5.098684211,2560
2016/12/28,20.55131579,5.005921053,2520
2016/12/29,20.34934211,4.959210526,2560
2016/12/30,20.16052632,4.905263158,2600
2016/12/31,19.99144737,4.866447368,2600
2017/01/01,19.85197368,4.830921053,2600
2017/01/02,19.71973684,4.802631579,2580
2017/01/03,19.56907895,4.756578947,2640
2017/01/04,19.41842105,4.739473684,2560
2017/01/05,19.25263158,4.747368421,2520
2017/01/06,19.1,4.696710526,2520
2017/01/07,18.93815789,4.618421053,2520
2017/01/08,18.80263158,4.606578947,2520
2017/01/09,18.63355263,4.609210526,2450
2017/01/10,18.43421053,4.609210526,2450
2017/01/11,18.22105263,4.609868421,2430
2017/01/12,18.02894737,4.611184211,2270
2017/01/13,17.82302632,4.589473684,2320
2017/01/14,17.59342105,4.561842105,2320
2017/01/15,17.38881579,4.536184211,2320
2017/01/16,17.2,4.534210526,2270
2017/01/17,17.01907895,4.521052632,2270
2017/01/18,16.83881579,4.506578947,2270
2017/01/19,16.66184211,4.488157895,2270
2017/01/20,16.45197368,4.504605263,2480
2017/01/21,16.24342105,4.492763158,2480
2017/01/22,16.03486842,4.471710526,2480
2017/01/23,15.81118421,4.480921053,2500
2017/01/24,15.60197368,4.457894737,2540
2017/01/25,15.44539474,4.382236842,2540
2017/01/26,15.31447368,4.375657895,2500
2017/01/27,15.20657895,4.218421053,2500
2017/01/28,15.09736842,4.151973684,2500
2017/01/29,14.97631579,4.155921053,2500
2017/01/30,14.83355263,4.115131579,2500
2017/01/31,14.66184211,4.105263158,2500
2017/02/01,14.52894737,3.892105263,2500
2017/02/02,14.39144737,3.686184211,2480
2017/02/03,14.25657895,3.657236842,2480
2017/02/04,14.13157895,3.65,2480
2017/02/05,14.00065789,3.661184211,2480
2017/02/06,13.84934211,3.685526316,2440
2017/02/07,13.70657895,3.654605263,2400
2017/02/08,13.55657895,3.639473684,2400
2017/02/09,13.38486842,3.599342105,2400
2017/02/10,13.20328947,3.609868421,2400
2017/02/11,13.04671053,3.565131579,2400
2017/02/12,12.89736842,3.567105263,2400
2017/02/13,12.76381579,3.563157895,2440
2017/02/14,12.62894737,3.559868421,2460
2017/02/15,12.53552632,3.516447368,2460
2017/02/16,12.47960526,2.957894737,2460
2017/02/17,12.40921053,2.917763158,2460
2017/02/18,12.28552632,2.930921053,2460
2017/02/19,12.19210526,2.943421053,2460
2017/02/20,12.09934211,2.978947368,2680
2017/02/21,11.99210526,2.976973684,2680
2017/02/22,11.86184211,3.092105263,2700
2017/02/23,11.71776316,3.103289474,2640
2017/02/24,11.58223684,3.104605263,2720
2017/02/25,11.46842105,3.088815789,2720
2017/02/26,11.35723684,3.055263158,2720
2017/02/27,11.26907895,2.979605263,2740
2017/02/28,11.21184211,2.961184211,2720
2017/03/01,11.16315789,2.852631579,2720
2017/03/02,11.05986842,2.840131579,2840
2017/03/03,10.97565789,2.794736842,2860
2017/03/04,10.88815789,2.720394737,2860
2017/03/05,10.80065789,2.708552632,2860
2017/03/06,10.6875,2.305263158,3180
2017/03/07,10.55723684,2.307236842,3080
2017/03/08,10.44868421,2.260526316,3080
2017/03/09,10.38026316,2.115789474,3040
2017/03/10,10.34605263,2.121052632,3020
2017/03/11,10.32434211,2.121052632,3020
2017/03/12,10.29736842,2.122368421,3020
2017/03/13,10.24671053,2.130921053,2980
2017/03/14,10.18815789,2.142763158,2920
2017/03/15,10.11513158,2.143421053,2780
2017/03/16,10.04078947,2.143421053,2860
2017/03/17,10.01973684,2.011184211,2800
2017/03/18,9.974342105,2.005921053,2800
2017/03/19,9.944736842,2.003947368,2800
2017/03/20,9.882236842,2.039473684,2680
2017/03/21,9.814473684,2.046052632,2760
2017/03/22,9.782236842,2.033552632,2820
2017/03/23,9.741447368,2.030263158,2780
2017/03/24,9.710526316,2.015789474,2780
2017/03/25,9.647368421,2.055921053,2780
2017/03/26,9.592105263,1.978947368,2780
2017/03/27,9.541447368,1.978289474,2700
2017/03/28,9.504605263,1.986184211,2620
2017/03/29,9.484210526,1.959868421,2660
2017/03/30,9.510526316,1.924342105,2800
2017/03/31,9.490131579,1.927631579,2740
2017/04/01,9.492763158,1.949342105,2740
2017/04/02,9.526973684,1.911184211,2740
2017/04/03,9.580921053,1.907894737,2650
2017/04/04,9.625657895,1.906578947,2480
2017/04/05,9.617763158,2.024342105,2480
2017/04/06,9.598026316,2.119736842,2520
2017/04/07,9.632236842,2.077631579,2480
2017/04/08,9.665131579,2.065131579,2480
2017/04/09,9.699342105,2.059868421,2480
2017/04/10,9.755921053,2.040131579,2440
2017/04/11,9.794078947,2.094736842,2440
2017/04/12,9.809868421,2.086842105,2420
2017/04/13,9.820394737,2.086842105,2320
2017/04/14,9.832894737,2.057894737,2260
2017/04/15,9.870394737,2.035526316,2260
2017/04/16,9.942105263,2.035526316,2260
2017/04/17,9.961184211,2.143421053,2140
2017/04/18,9.984868421,2.169736842,2100
2017/04/19,10.00723684,2.085526316,2100
2017/04/20,10.01184211,2.082236842,1960
2017/04/21,10.02631579,2.086184211,1960
2017/04/22,10.06052632,2.0875,1960
2017/04/23,10.12960526,2.075657895,1960
2017/04/24,10.22565789,2.057894737,1740
2017/04/25,10.33355263,2.046052632,1680
2017/04/26,10.40855263,2.060526316,1680
2017/04/27,10.50328947,2.039473684,1550
2017/04/28,10.59671053,2.0375,1550
2017/04/29,10.70394737,2.018421053,1550
2017/04/30,10.81710526,2.009210526,1550
2017/05/01,10.90986842,1.994078947,1550
2017/05/02,11,1.992763158,1620
2017/05/03,11.10986842,1.992763158,1620
2017/05/04,11.20131579,2.001315789,1760
2017/05/05,11.29407895,2.036842105,1760
2017/05/06,11.35,2.034210526,1760
2017/05/07,11.46513158,1.995394737,1760
2017/05/08,11.57631579,1.995394737,1740
2017/05/09,11.63618421,2.057236842,1740
2017/05/10,11.70526316,2.053289474,1760
2017/05/11,11.82631579,2.000657895,1680
2017/05/12,11.91710526,2.005921053,1680
2017/05/13,12.00921053,2.040131579,1680
2017/05/14,12.09013158,2.025657895,1680
2017/05/15,12.19934211,1.994736842,1660
2017/05/16,12.32697368,1.9875,1620
2017/05/17,12.46842105,1.989473684,1600
2017/05/18,12.58026316,1.989473684,1600
2017/05/19,12.69934211,1.9875,1600
2017/05/20,12.81381579,1.946052632,1600
2017/05/21,12.90921053,1.943421053,1600
2017/05/22,12.99671053,1.785526316,1630
2017/05/23,13.06118421,1.704605263,1630
2017/05/24,13.19473684,1.725657895,1630
2017/05/25,13.34671053,1.726315789,1540
2017/05/26,13.42631579,1.729605263,1580
2017/05/27,13.54605263,1.652631579,1580
2017/05/28,13.69736842,1.638157895,1580
2017/05/29,13.86578947,1.636184211,1580
2017/05/30,14.04868421,1.634210526,1580
2017/05/31,14.19868421,1.664473684,1500
2017/06/01,14.32960526,1.706578947,1500
2017/06/02,14.43223684,1.707236842,1500
2017/06/03,14.52105263,1.709210526,1500
2017/06/04,14.63289474,1.715789474,1500
2017/06/05,14.74276316,1.7125,1500
2017/06/06,14.82828947,1.760526316,1500
2017/06/07,14.89605263,1.798026316,1460
2017/06/08,15.00592105,1.784210526,1460
2017/06/09,15.11381579,1.778289474,1400
2017/06/10,15.23618421,1.780921053,1400
2017/06/11,15.38223684,1.792763158,1400
2017/06/12,15.52565789,1.792763158,1410
2017/06/13,15.65394737,1.811184211,1410
2017/06/14,15.8125,1.809210526,1400
2017/06/15,16.01842105,1.805921053,1390
2017/06/16,16.19407895,1.796710526,1390
2017/06/17,16.35723684,1.783552632,1390
2017/06/18,16.52302632,1.8125,1390
2017/06/19,16.68947368,1.8125,1370
2017/06/20,16.82960526,1.847368421,1420
2017/06/21,17.00986842,1.828947368,1360
2017/06/22,17.19473684,1.824342105,1280
2017/06/23,17.39736842,1.825657895,1280
2017/06/24,17.59342105,1.830263158,1280
2017/06/25,17.76644737,1.896710526,1280
2017/06/26,17.91973684,1.971052632,1290
2017/06/27,18.05855263,1.990789474,1390
2017/06/28,18.20986842,2.017763158,1390
2017/06/29,18.33881579,2.096052632,1390
2017/06/30,18.49539474,2.075,1390
2017/07/01,18.66184211,2.093421053,1390
2017/07/02,18.82434211,2.230263158,1390
2017/07/03,18.98552632,2.420394737,1450
2017/07/04,19.14078947,2.571710526,1520
2017/07/05,19.2875,2.630263158,1440
2017/07/06,19.42039474,2.7375,1380
2017/07/07,19.55986842,2.758552632,1320
2017/07/08,19.71710526,2.883552632,1320
2017/07/09,19.88289474,2.938157895,1320
2017/07/10,20.03289474,3.096052632,1320
2017/07/11,20.22236842,3.132894737,1320
2017/07/12,20.4375,3.1125,1310
2017/07/13,20.64013158,3.105921053,1310
2017/07/14,20.81973684,3.159210526,1350
2017/07/15,20.95855263,3.306578947,1350
2017/07/16,21.10855263,3.525,1350
2017/07/17,21.23684211,3.579605263,1430
2017/07/18,21.33947368,3.601973684,1470
2017/07/19,21.475,3.605921053,1470
2017/07/20,21.66118421,3.573684211,1430
2017/07/21,21.81776316,3.579605263,1430
2017/07/22,21.96447368,3.611842105,1430
2017/07/23,22.10592105,3.734210526,1430
2017/07/24,22.27039474,3.689473684,1410
2017/07/25,22.44144737,3.773684211,1470
2017/07/26,22.60394737,3.843421053,1590
2017/07/27,22.74736842,3.854605263,1650
2017/07/28,22.88092105,3.958552632,1650
2017/07/29,22.99671053,4.010526316,1650
2017/07/30,23.11315789,4.026315789,1650
2017/07/31,23.21052632,4.138157895,1630
2017/08/01,23.37631579,4.147368421,1610
2017/08/02,23.51052632,4.165789474,1610
2017/08/03,23.63157895,4.165789474,1750
2017/08/04,23.76315789,4.166447368,1810
2017/08/05,23.94736842,4.173026316,1810
2017/08/06,24.14671053,4.203289474,1810
2017/08/07,24.32828947,4.219736842,1870
2017/08/08,24.46710526,4.232894737,1800
2017/08/09,24.57236842,4.316447368,1860
2017/08/10,24.66052632,4.441447368,1900
2017/08/11,24.75789474,4.532236842,1980
2017/08/12,24.86776316,4.556578947,1980
2017/08/13,24.96907895,4.580263158,1980
2017/08/14,25.05657895,4.836842105,2100
2017/08/15,25.13881579,5.006578947,2100
2017/08/16,25.22368421,5.049342105,2270
2017/08/17,25.30526316,5.092105263,2270
2017/08/18,25.38355263,5.153289474,2380
2017/08/19,25.48421053,5.171052632,2380
2017/08/20,25.58618421,5.323026316,2380
2017/08/21,25.68881579,5.496710526,2360
2017/08/22,25.79671053,5.557236842,2360
2017/08/23,25.91973684,5.644736842,2320
2017/08/24,26.0625,5.715131579,2340
2017/08/25,26.19736842,5.782894737,2300
2017/08/26,26.32039474,5.774342105,2300
2017/08/27,26.41842105,5.765131579,2300
2017/08/28,26.51776316,5.831578947,2280
2017/08/29,26.57697368,5.855263158,2280
2017/08/30,26.65723684,5.828947368,2360
2017/08/31,26.75526316,5.803289474,2320
2017/09/01,26.83684211,5.796710526,2320
2017/09/02,26.87697368,5.796710526,2320
2017/09/03,26.91842105,5.796710526,2320
2017/09/04,26.99342105,5.693421053,2320
2017/09/05,27.03815789,5.603289474,2340
2017/09/06,27.05328947,5.707894737,2420
2017/09/07,27.07697368,5.728947368,2420
2017/09/08,27.14605263,5.720394737,2420
2017/09/09,27.20855263,5.716447368,2420
2017/09/10,27.27039474,5.645394737,2420
2017/09/11,27.30986842,5.983552632,2340
2017/09/12,27.36118421,6.014473684,2280
2017/09/13,27.40657895,6.013157895,2340
2017/09/14,27.425,6.017105263,2320
2017/09/15,27.41710526,6.017105263,2240
2017/09/16,27.46447368,5.913815789,2240
2017/09/17,27.50394737,5.915789474,2240
2017/09/18,27.55460526,5.915789474,2200
2017/09/19,27.61710526,5.976315789,2200
2017/09/20,27.64802632,5.978947368,2160
2017/09/21,27.68684211,5.972368421,2100
2017/09/22,27.71842105,5.977631579,2120
2017/09/23,27.74407895,5.978289474,2120
2017/09/24,27.77960526,5.969078947,2120
2017/09/25,27.8375,5.954605263,2140
2017/09/26,27.89736842,5.9625,2100
2017/09/27,27.89407895,6.078289474,2060
2017/09/28,27.89539474,6.088815789,2040
2017/09/29,27.85986842,6.088815789,2000
2017/09/30,27.86447368,6.088815789,2000
2017/10/01,27.83618421,6.240131579,2000
2017/10/02,27.81907895,6.370394737,2000
2017/10/03,27.79868421,6.382236842,2000
2017/10/04,27.78223684,6.351315789,2000
2017/10/05,27.77302632,6.371710526,2000
2017/10/06,27.7375,6.428947368,2000
2017/10/07,27.73486842,6.432894737,2000
2017/10/08,27.78486842,6.360526316,2000
2017/10/09,27.83289474,6.352631579,1880
2017/10/10,27.83815789,6.376315789,1880
2017/10/11,27.83947368,6.390789474,1880
2017/10/12,27.78223684,6.424342105,1880
2017/10/13,27.76118421,6.435526316,1880
2017/10/14,27.75328947,6.439473684,1820
2017/10/15,27.73289474,6.456578947,1820
2017/10/16,27.70328947,6.453289474,1660
2017/10/17,27.66578947,6.453289474,1580
2017/10/18,27.59736842,6.455921053,1580
2017/10/19,27.54539474,6.4625,1580
2017/10/20,27.50921053,6.4625,1580
2017/10/21,27.47631579,6.4625,1620
2017/10/22,27.45,6.442105263,1600
2017/10/23,27.40592105,6.411184211,1620
2017/10/24,27.34671053,6.4125,1620
2017/10/25,27.33421053,6.406578947,1620
2017/10/26,27.3,6.404605263,1620
2017/10/27,27.25921053,6.404605263,1620
2017/10/28,27.20197368,6.404605263,1820
2017/10/29,27.13092105,6.569736842,1800
2017/10/30,27.04276316,6.544078947,1780
2017/10/31,26.97960526,6.501973684,1780
2017/11/01,26.93421053,6.501315789,1780
2017/11/02,26.89736842,6.503947368,1780
2017/11/03,26.84276316,6.505263158,1740
2017/11/04,26.75263158,6.580921053,1700
2017/11/05,26.71315789,6.506578947,1700
2017/11/06,26.69407895,6.465789474,1700
2017/11/07,26.65065789,6.469078947,1720
2017/11/08,26.59276316,6.461842105,1720
2017/11/09,26.53355263,6.456578947,1720
2017/11/10,26.48289474,6.460526316,1720
2017/11/11,26.40065789,6.459868421,1720
2017/11/12,26.325,6.440131579,1700
2017/11/13,26.24276316,6.446052632,1680
2017/11/14,26.14210526,6.445394737,1660
2017/11/15,26.02302632,6.445394737,1660
2017/11/16,25.89276316,6.445394737,1660
2017/11/17,25.75986842,6.417763158,1660
2017/11/18,25.60526316,6.423026316,1640
2017/11/19,25.45723684,6.386184211,1580
2017/11/20,25.32105263,6.384868421,1600
2017/11/21,25.19078947,6.386842105,1640
2017/11/22,25.05657895,6.383552632,1640
2017/11/23,24.91118421,6.372368421,1640
2017/11/24,24.77302632,6.309210526,1580
2017/11/25,24.66513158,6.283552632,1600
2017/11/26,24.56381579,6.274342105,1600
2017/11/27,24.44539474,6.238815789,1600
2017/11/28,24.35657895,6.1625,1600
2017/11/29,24.24013158,6.163815789,1600
2017/11/30,24.09473684,6.168421053,1600
2017/12/01,23.93881579,6.0125,1640
2017/12/02,23.80197368,5.823026316,1680
2017/12/03,23.67828947,5.678289474,1680
2017/12/04,23.52105263,5.624342105,1760
2017/12/05,23.33618421,5.5125,1780
2017/12/06,23.19078947,5.488157895,1780
2017/12/07,23.05394737,5.336842105,1780
2017/12/08,22.8625,5.292763158,1780
2017/12/09,22.71710526,5.133552632,1780
2017/12/10,22.57565789,5.109210526,1780
2017/12/11,22.37565789,5.1125,1780
2017/12/12,22.15197368,5.114473684,1780
2017/12/13,21.94144737,5.064473684,1780
2017/12/14,21.77368421,4.921052632,1780
2017/12/15,21.60657895,4.700657895,1780
2017/12/16,21.42039474,4.653289474,1760
2017/12/17,21.22697368,4.623026316,1760
2017/12/18,21.04802632,4.610526316,1760
2017/12/19,20.85197368,4.611184211,1760
2017/12/20,20.66052632,4.6,1760
2017/12/21,20.48815789,4.532236842,1760
2017/12/22,20.34934211,4.409868421,1760
2017/12/23,20.21710526,4.339473684,1760
2017/12/24,20.06842105,4.3375,1760
2017/12/25,19.89013158,4.268421053,1760
2017/12/26,19.71381579,4.259210526,1760
2017/12/27,19.52171053,4.155263158,1760
2017/12/28,19.35855263,4.1,1760
2017/12/29,19.20986842,4.083552632,1760
2017/12/30,19.07631579,3.961184211,1760
2017/12/31,18.90394737,3.940789474,1340
2018/01/01,18.72763158,3.922368421,1760
2018/01/02,18.55657895,3.922368421,1760
2018/01/03,18.35394737,3.930921053,1780
2018/01/04,18.13947368,3.930263158,1780
2018/01/05,17.94144737,3.901973684,1780
2018/01/06,17.75592105,3.895394737,1780
2018/01/07,17.57565789,3.888157895,1780
2018/01/08,17.42039474,3.814473684,1780
2018/01/09,17.23881579,3.699342105,1840
2018/01/10,17.02960526,3.627631579,1880
2018/01/11,16.80460526,3.614473684,1880
2018/01/12,16.60723684,3.584210526,1880
2018/01/13,16.46052632,3.328947368,1880
2018/01/14,16.33815789,3.163815789,1880
2018/01/15,16.22434211,3.122368421,2000
2018/01/16,16.0875,3.148684211,1980
2018/01/17,15.94342105,3.121052632,1980
2018/01/18,15.80460526,3.068421053,1960
2018/01/19,15.67105263,2.904605263,2000
2018/01/20,15.52763158,2.730921053,2000
2018/01/21,15.37171053,2.659868421,2000
2018/01/22,15.21184211,2.580263158,2020
2018/01/23,15.01184211,2.469078947,2020
2018/01/24,14.76644737,2.393421053,1980
2018/01/25,14.54078947,2.398684211,2080
2018/01/26,14.31973684,2.405921053,2100
2018/01/27,14.13486842,2.326315789,2100
2018/01/28,13.96973684,2.304605263,2100
2018/01/29,13.80065789,2.307894737,2180
2018/01/30,13.63026316,2.309868421,2240
2018/01/31,13.47434211,2.310526316,2320
2018/02/01,13.33092105,2.310526316,2340
2018/02/02,13.17697368,2.3125,2500
2018/02/03,12.99144737,2.301315789,2500
2018/02/04,12.81776316,2.305263158,2500
2018/02/05,12.64276316,2.2125,2500
2018/02/06,12.44605263,2.203289474,2500
2018/02/07,12.25855263,2.213815789,2580
2018/02/08,12.09934211,2.247368421,2640
2018/02/09,11.975,2.240789474,2640
2018/02/10,11.86578947,1.906578947,2640
2018/02/11,11.68486842,1.880263158,2640
2018/02/12,11.50657895,1.878289474,2580
2018/02/13,11.3625,1.872368421,2560
2018/02/14,11.275,1.872368421,2480
2018/02/15,11.16447368,1.868421053,2480
2018/02/16,11.04407895,1.840131579,2480
2018/02/17,10.89802632,1.840131579,2480
2018/02/18,10.76578947,1.777631579,2480
2018/02/19,10.66513158,1.784210526,2340
2018/02/20,10.55657895,1.784868421,2300
2018/02/21,10.41842105,1.801315789,2280
2018/02/22,10.29342105,1.802631579,2180
2018/02/23,10.17960526,1.810526316,2180
2018/02/24,10.06447368,1.816447368,2180
2018/02/25,9.948026316,1.809868421,2180
2018/02/26,9.876973684,1.696052632,2140
2018/02/27,9.793421053,1.685526316,2140
2018/02/28,9.711184211,1.882894737,2140
2018/03/01,9.585526316,1.891447368,2140
2018/03/02,9.509868421,1.740131579,2140
2018/03/03,9.456578947,1.615131579,2140
2018/03/04,9.417763158,1.692763158,2140
2018/03/05,9.348684211,1.759868421,2140
2018/03/06,9.283552632,1.739473684,2100
2018/03/07,9.216447368,1.721052632,2100
2018/03/08,9.097368421,1.832236842,2060
2018/03/09,8.975,1.8375,1980
2018/03/10,8.871710526,1.8375,1980
2018/03/11,8.786184211,1.809210526,1980
2018/03/12,8.751315789,1.769736842,1960
2018/03/13,8.777631579,1.7,1940
2018/03/14,8.796052632,1.690131579,1880
2018/03/15,8.769078947,1.85,1880
2018/03/16,8.709868421,1.838815789,1860
2018/03/17,8.6625,1.826315789,1860
2018/03/18,8.609210526,1.869078947,1860
2018/03/19,8.5625,1.996710526,1860
2018/03/20,8.485526316,2.005263158,1820
2018/03/21,8.363815789,2.065789474,1820
2018/03/22,8.291447368,2.066447368,1820
2018/03/23,8.240131579,2.059210526,1680
2018/03/24,8.223684211,2.059210526,1680
2018/03/25,8.225,2.057236842,1680
2018/03/26,8.226973684,2.057236842,1600
2018/03/27,8.236842105,2.057236842,1600
2018/03/28,8.238157895,2.057236842,1580
2018/03/29,8.235526316,2.057236842,1540
2018/03/30,8.234868421,1.892105263,1500
2018/03/31,8.284210526,1.8875,1500
2018/04/01,8.311184211,1.8875,1500
2018/04/02,8.348684211,1.8875,1520
2018/04/03,8.378947368,1.890131579,1520
2018/04/04,8.366447368,1.970394737,1400
2018/04/05,8.344078947,1.973684211,1400
2018/04/06,8.326315789,2.084210526,1380
2018/04/07,8.265789474,2.088815789,1380
2018/04/08,8.217763158,2.094078947,1380
2018/04/09,8.204605263,2.093421053,1380
2018/04/10,8.232236842,2.111184211,1360
2018/04/11,8.242105263,2.117105263,1320
2018/04/12,8.3,2.117105263,1300
2018/04/13,8.327631579,2.117763158,1280
2018/04/14,8.317763158,2.268421053,1280
2018/04/15,8.326315789,2.267105263,1280
2018/04/16,8.373026316,2.267105263,1280
2018/04/17,8.440131579,2.267763158,1260
2018/04/18,8.506578947,2.265789474,1180
2018/04/19,8.609210526,2.260526316,1180
2018/04/20,8.750657895,2.254605263,1160
2018/04/21,8.875657895,2.252631579,1160
2018/04/22,8.947368421,2.288157895,1160
2018/04/23,8.966447368,2.601973684,1160
2018/04/24,9.014473684,2.677631579,1180
2018/04/25,9.105921053,2.673684211,1200
2018/04/26,9.186184211,2.625,1200
2018/04/27,9.248026316,2.607894737,1260
2018/04/28,9.326315789,2.607894737,1260
2018/04/29,9.388815789,2.605921053,1260
2018/04/30,9.471710526,2.647368421,1260
2018/05/01,9.579605263,2.620394737,1260
2018/05/02,9.673684211,2.696052632,1260
2018/05/03,9.732894737,2.703947368,1280
2018/05/04,9.797368421,2.697368421,1280
2018/05/05,9.913157895,2.692763158,1280
2018/05/06,10.02171053,2.840789474,1280
2018/05/07,10.11381579,2.943421053,1280
2018/05/08,10.18684211,2.955921053,1440
2018/05/09,10.29276316,2.946710526,1500
2018/05/10,10.39605263,2.945394737,1540
2018/05/11,10.49342105,2.929605263,1520
2018/05/12,10.60263158,3.028947368,1520
2018/05/13,10.75921053,3.069078947,1520
2018/05/14,10.92828947,3.061842105,1480
2018/05/15,11.09868421,3.055921053,1380
2018/05/16,11.22894737,3.103289474,1380
2018/05/17,11.38552632,3.235526316,1360
2018/05/18,11.52565789,3.307236842,1360
2018/05/19,11.625,3.306578947,1360
2018/05/20,11.74276316,3.307894737,1360
2018/05/21,11.85592105,3.300657895,1440
2018/05/22,11.97171053,3.347368421,1440
2018/05/23,12.07302632,3.438815789,1560
2018/05/24,12.17302632,3.438815789,1580
2018/05/25,12.29342105,3.351973684,1580
2018/05/26,12.45065789,3.380921053,1580
2018/05/27,12.58815789,3.391447368,1580
2018/05/28,12.75131579,3.407894737,1600
2018/05/29,12.90131579,3.424342105,1600
2018/05/30,13.01710526,3.446710526,1600
2018/05/31,13.1375,3.442105263,1600
2018/06/01,13.29342105,3.438157895,1580
2018/06/02,13.46052632,3.438157895,1580
2018/06/03,13.61710526,3.438157895,1580
2018/06/04,13.78289474,3.426315789,1500
2018/06/05,13.93815789,3.435526316,1460
2018/06/06,14.09671053,3.427631579,1460
2018/06/07,14.25460526,3.415131579,1460
2018/06/08,14.40526316,3.407236842,1480
2018/06/09,14.54276316,3.398684211,1480
2018/06/10,14.68421053,3.399342105,1480
2018/06/11,14.83026316,3.453947368,1460
2018/06/12,15.01578947,3.444736842,1420
2018/06/13,15.20394737,3.442763158,1420
2018/06/14,15.34671053,3.473026316,1380
2018/06/15,15.4625,3.478947368,1380
2018/06/16,15.55789474,3.477631579,1380
2018/06/17,15.68223684,3.408552632,1380
2018/06/18,15.82368421,3.375,1360
2018/06/19,15.93947368,3.417763158,1400
2018/06/20,16.07434211,3.419736842,1340
2018/06/21,16.21710526,3.419736842,1340
2018/06/22,16.36973684,3.424342105,1340
2018/06/23,16.51381579,3.416447368,1340
2018/06/24,16.71973684,3.415131579,1340
2018/06/25,16.97039474,3.409210526,1340
2018/06/26,17.175,3.5875,1340
2018/06/27,17.39407895,3.794736842,1440
2018/06/28,17.55855263,4.100657895,1500
2018/06/29,17.73552632,4.128947368,1500
2018/06/30,17.91842105,4.264473684,1500
2018/07/01,18.08157895,4.675657895,1500
2018/07/02,18.23157895,4.936842105,1540
2018/07/03,18.38815789,5.044078947,1580
2018/07/04,18.55986842,5.144736842,1560
2018/07/05,18.74013158,5.230263158,1520
2018/07/06,18.91644737,5.261184211,1480
2018/07/07,19.10065789,5.257894737,1480
2018/07/08,19.28486842,5.246710526,1480
2018/07/09,19.42894737,5.319736842,1500
2018/07/10,19.58684211,5.343421053,1500
2018/07/11,19.73026316,5.396052632,1540
2018/07/12,19.89276316,5.393421053,1540
2018/07/13,20.10394737,5.391447368,1560
2018/07/14,20.31973684,5.386842105,1560
2018/07/15,20.50592105,5.385526316,1560
2018/07/16,20.64934211,5.385526316,1600
2018/07/17,20.81578947,5.384868421,1560
2018/07/18,20.98421053,5.384868421,1680
2018/07/19,21.175,5.384868421,1640
2018/07/20,21.35855263,5.380921053,1560
2018/07/21,21.52894737,5.369078947,1560
2018/07/22,21.69671053,5.368421053,1560
2018/07/23,21.88881579,5.367105263,1580
2018/07/24,22.07105263,5.365789474,1620
2018/07/25,22.22960526,5.357236842,1560
2018/07/26,22.38815789,5.354605263,1520
2018/07/27,22.55328947,5.356578947,1520
2018/07/28,22.70065789,5.398026316,1520
2018/07/29,22.84407895,5.405263158,1520
2018/07/30,23.00460526,5.219736842,1580
2018/07/31,23.19013158,5.211184211,1720
2018/08/01,23.37105263,5.211184211,1760
2018/08/02,23.50065789,5.205921053,1720
2018/08/03,23.61907895,5.118421053,1860
2018/08/04,23.77434211,5.048026316,1860
2018/08/05,23.93223684,5.098026316,1860
2018/08/06,24.09736842,5.167763158,1880
2018/08/07,24.27565789,5.076973684,1840
2018/08/08,24.45,5.115131579,1820
2018/08/09,24.59671053,5.163157895,1780
2018/08/10,24.71907895,5.233552632,1880
2018/08/11,24.82039474,5.243421053,1880
2018/08/12,24.90723684,5.260526316,1880
2018/08/13,24.99210526,5.282894737,2000
2018/08/14,25.12171053,5.161184211,2000
2018/08/15,25.28947368,5.216447368,2000
2018/08/16,25.41118421,5.2875,2020
2018/08/17,25.52039474,5.250657895,1980
2018/08/18,25.64276316,5.120394737,1980
2018/08/19,25.79276316,5.105263158,1980
2018/08/20,25.97631579,5.070394737,1980
2018/08/21,26.11184211,5.101973684,2020
2018/08/22,26.24802632,5.149342105,2220
2018/08/23,26.33881579,5.384868421,2520
2018/08/24,26.40526316,5.519078947,2560
2018/08/25,26.46118421,5.531578947,2560
2018/08/26,26.49210526,5.905263158,2560
2018/08/27,26.52171053,6.199342105,2940
2018/08/28,26.57171053,6.444078947,2920
2018/08/29,26.64407895,6.620394737,2740
2018/08/30,26.7,6.727631579,2740
2018/08/31,26.73815789,6.951973684,2960
2018/09/01,26.76052632,7.122368421,2960
2018/09/02,26.77763158,7.128947368,2960
2018/09/03,26.84736842,7.248026316,2980
2018/09/04,26.96776316,7.373026316,3160
2018/09/05,27.06973684,7.2625,3240
2018/09/06,27.1875,7.265131579,3240
2018/09/07,27.27171053,7.295394737,3240
2018/09/08,27.32105263,7.294736842,3240
2018/09/09,27.35328947,7.296710526,3240
2018/09/10,27.38684211,7.285526316,3220
2018/09/11,27.41052632,7.286842105,3160
2018/09/12,27.46644737,7.393421053,3140
2018/09/13,27.53815789,7.327631579,3100
2018/09/14,27.59539474,7.402631579,3040
2018/09/15,27.64276316,7.419736842,3040
2018/09/16,27.68947368,7.423026316,3040
2018/09/17,27.73026316,7.425657895,3080
2018/09/18,27.75592105,7.425657895,3000
2018/09/19,27.74276316,7.442105263,2760
2018/09/20,27.70723684,7.524342105,2760
2018/09/21,27.70789474,7.657894737,2760
2018/09/22,27.79144737,7.35,2760
2018/09/23,27.86776316,7.273026316,2760
2018/09/24,27.87565789,7.269736842,2760
2018/09/25,27.88157895,7.316447368,2760
2018/09/26,27.88815789,7.330263158,2760
2018/09/27,27.88947368,7.333552632,2900
2018/09/28,27.87763158,7.334210526,2740
2018/09/29,27.86644737,7.331578947,2740
2018/09/30,27.87631579,7.346052632,2740
2018/10/01,27.88289474,7.279605263,2740
2018/10/02,27.91578947,7.272368421,2720
2018/10/03,27.93223684,7.272368421,2720
2018/10/04,27.93092105,7.282236842,2600
2018/10/05,27.93684211,7.538815789,2680
2018/10/06,27.94473684,7.946052632,2680
2018/10/07,27.97565789,7.930263158,2680
2018/10/08,27.99210526,7.928947368,2820
2018/10/09,27.97763158,7.932236842,2820
2018/10/10,27.94078947,7.944078947,2680
2018/10/11,27.925,7.842105263,2620
2018/10/12,27.89276316,7.799342105,2460
2018/10/13,27.84802632,7.799342105,2460
2018/10/14,27.79078947,7.798684211,2460
2018/10/15,27.76578947,7.750657895,2380
2018/10/16,27.71578947,7.628947368,2380
2018/10/17,27.69802632,7.623684211,2140
2018/10/18,27.67828947,7.6875,2020
2018/10/19,27.6625,7.686184211,2020
2018/10/20,27.65263158,7.686184211,2020
2018/10/21,27.63421053,7.639473684,2020
2018/10/22,27.60855263,7.55,2000
2018/10/23,27.56315789,7.560526316,2060
2018/10/24,27.51513158,7.553947368,2100
2018/10/25,27.47171053,7.523026316,2080
2018/10/26,27.40855263,7.556578947,2020
2018/10/27,27.33355263,7.541447368,2020
2018/10/28,27.26644737,7.5625,2020
2018/10/29,27.20197368,7.544736842,2000
2018/10/30,27.12171053,7.544078947,2000
2018/10/31,27.02236842,7.548684211,2060
2018/11/01,26.92565789,7.548684211,2060
2018/11/02,26.85,7.548684211,1960
2018/11/03,26.79078947,7.548026316,1960
2018/11/04,26.74934211,7.526315789,1960
2018/11/05,26.68552632,7.528947368,1940
2018/11/06,26.61644737,7.536184211,1900
2018/11/07,26.5375,7.564473684,1940
2018/11/08,26.47894737,7.775,1980
2018/11/09,26.43223684,7.769078947,2060
2018/11/10,26.40921053,7.694736842,2060
2018/11/11,26.34605263,7.698026316,2060
2018/11/12,26.27763158,7.707894737,2100
2018/11/13,26.21578947,7.684210526,2080
2018/11/14,26.15921053,7.693421053,2080
2018/11/15,26.1,7.693421053,2060
2018/11/16,26.0125,7.708552632,2060
2018/11/17,25.90921053,7.727631579,2060
2018/11/18,25.81447368,7.688157895,2060
2018/11/19,25.71907895,7.686184211,1960
2018/11/20,25.61578947,7.694736842,1960
2018/11/21,25.4875,7.697368421,1940
2018/11/22,25.35197368,7.696052632,1900
2018/11/23,25.19671053,7.705263158,1880
2018/11/24,25.03684211,7.734868421,1880
2018/11/25,24.93815789,7.551315789,1880
2018/11/26,24.84473684,7.343421053,1880
2018/11/27,24.77434211,7.036842105,1880
2018/11/28,24.66513158,7.006578947,1880
2018/11/29,24.56973684,6.867105263,1780
2018/11/30,24.47894737,6.453947368,1620
2018/12/01,24.38289474,6.190789474,1620
2018/12/02,24.29934211,6.089473684,1620
2018/12/03,24.19868421,6.041447368,1680
2018/12/04,24.11644737,6.033552632,1700
2018/12/05,24.01315789,6.026315789,1720
2018/12/06,23.89276316,6.042105263,1720
2018/12/07,23.75328947,6.043421053,1720
2018/12/08,23.60460526,5.964473684,1720
2018/12/09,23.42302632,5.911842105,1720
2018/12/10,23.26052632,5.863157895,1820
2018/12/11,23.07105263,5.878289474,1820
2018/12/12,22.88486842,5.898684211,1820
2018/12/13,22.70328947,5.901973684,1780
2018/12/14,22.50394737,5.954605263,1780
2018/12/15,22.32171053,5.957236842,1780
2018/12/16,22.13486842,5.964473684,1780
2018/12/17,21.96644737,5.965789474,1780
2018/12/18,21.8,5.965789474,1780
2018/12/19,21.64868421,5.967763158,1700
2018/12/20,21.48815789,6.0125,1660
2018/12/21,21.34210526,6.0125,1660
2018/12/22,21.20328947,5.994736842,1660
2018/12/23,21.04144737,6.006578947,1660
2018/12/24,20.85065789,6.005263158,1620
2018/12/25,20.65789474,6.003947368,1620
2018/12/26,20.46973684,6.001973684,1620
2018/12/27,20.24473684,5.963157895,1700
2018/12/28,20.00526316,5.966447368,1700
2018/12/29,19.78026316,5.958552632,1700
2018/12/30,19.55789474,5.959868421,1700
2018/12/31,19.34539474,5.959868421,1700
2019/01/01,19.125,5.961184211,1700
2019/01/02,18.91513158,5.950657895,1700
2019/01/03,18.71710526,5.949342105,1800
2019/01/04,18.52171053,5.901315789,1860
2019/01/05,18.33486842,5.795394737,1860
2019/01/06,18.15394737,5.775657895,1860
2019/01/07,17.96513158,5.732236842,1860
2019/01/08,17.77368421,5.684868421,1820
2019/01/09,17.58157895,5.619078947,1720
2019/01/10,17.39013158,5.613815789,1680
2019/01/11,17.19342105,5.601315789,1660
2019/01/12,16.98289474,5.582236842,1660
2019/01/13,16.76644737,5.544736842,1660
2019/01/14,16.58223684,5.498684211,1600
2019/01/15,16.41710526,5.428289474,1520
2019/01/16,16.23355263,5.423026316,1540
2019/01/17,16.07105263,5.423026316,1540
2019/01/18,15.91776316,5.423026316,1520
2019/01/19,15.77105263,5.401973684,1520
2019/01/20,15.59736842,5.371052632,1520
2019/01/21,15.4125,5.323684211,1460
2019/01/22,15.27631579,5.088157895,1500
2019/01/23,15.15065789,4.953947368,1480
2019/01/24,15.01776316,4.941447368,1480
2019/01/25,14.88421053,4.592105263,1460
2019/01/26,14.73618421,4.298684211,1460
2019/01/27,14.59276316,4.053947368,1460
2019/01/28,14.44144737,3.879605263,1540
2019/01/29,14.29671053,3.772368421,1540
2019/01/30,14.18486842,3.548684211,1600
2019/01/31,14.03552632,3.428947368,1620
2019/02/01,13.88815789,3.415131579,1680
2019/02/02,13.76513158,3.205263158,1680
2019/02/03,13.64407895,3.092763158,1680
2019/02/04,13.50197368,3.092763158,1680
2019/02/05,13.39802632,3.085526316,1680
2019/02/06,13.31776316,3.047368421,1680
2019/02/07,13.20328947,3.053289474,1640
2019/02/08,13.04934211,3.048684211,1580
2019/02/09,12.89144737,3.046710526,1580
2019/02/10,12.75065789,3.049342105,1580
2019/02/11,12.60197368,2.946052632,1600
2019/02/12,12.48355263,2.854605263,1580
2019/02/13,12.35789474,2.797368421,1640
2019/02/14,12.2375,2.782894737,1600
2019/02/15,12.10263158,2.784210526,1600
2019/02/16,11.94605263,2.782894737,1600
2019/02/17,11.80723684,2.782894737,1600
2019/02/18,11.69144737,2.769736842,1520
2019/02/19,11.5875,2.801315789,1520
2019/02/20,11.49342105,2.630263158,1560
2019/02/21,11.38092105,2.621052632,1600
2019/02/22,11.28421053,2.625,1600
2019/02/23,11.225,2.625,1600
2019/02/24,11.16381579,2.578289474,1600
2019/02/25,11.09605263,2.564473684,1560
2019/02/26,11.02302632,2.561842105,1540
2019/02/27,10.95460526,2.565789474,1580
2019/02/28,10.88947368,2.521052632,1580
2019/03/01,10.81578947,2.501973684,1580
2019/03/02,10.77894737,2.497368421,1580
2019/03/03,10.73026316,2.501973684,1580
2019/03/04,10.67565789,2.504605263,1520
2019/03/05,10.60855263,2.496052632,1400
2019/03/06,10.57236842,2.094736842,1360
2019/03/07,10.50526316,1.589473684,1360
2019/03/08,10.44473684,1.585526316,1320
2019/03/09,10.40921053,1.603289474,1320
2019/03/10,10.35657895,1.680921053,1320
2019/03/11,10.31644737,1.678947368,1320
2019/03/12,10.28815789,1.684210526,1320
2019/03/13,10.23421053,1.684868421,1360
2019/03/14,10.18157895,1.685526316,1340
2019/03/15,10.12894737,1.710526316,1320
2019/03/16,10.06315789,1.713157895,1320
2019/03/17,10.02697368,1.719078947,1320
2019/03/18,9.998026316,1.690789474,1240
2019/03/19,10.00592105,1.624342105,1240
2019/03/20,9.992763158,1.731578947,1240
2019/03/21,9.958552632,1.748026316,1200
2019/03/22,9.890131579,1.748026316,1180
2019/03/23,9.826315789,1.755263158,1180
2019/03/24,9.771710526,1.744736842,1180
2019/03/25,9.732236842,1.744736842,1160
2019/03/26,9.717105263,1.744736842,1160
2019/03/27,9.742763158,1.701315789,1160
2019/03/28,9.753289474,1.713815789,1160
2019/03/29,9.755921053,1.685526316,1160
2019/03/30,9.733552632,1.7,1160
2019/03/31,9.705921053,1.703289474,1160
2019/04/01,9.685526316,1.701315789,1180
2019/04/02,9.667763158,1.705921053,1220
2019/04/03,9.641447368,1.748684211,1240
2019/04/04,9.631578947,1.748684211,1160
2019/04/05,9.625,1.748684211,1140
2019/04/06,9.622368421,1.7625,1140
2019/04/07,9.616447368,1.785526316,1140
2019/04/08,9.6375,1.757236842,1180
2019/04/09,9.626315789,1.690131579,1220
2019/04/10,9.586184211,1.735526316,1220
2019/04/11,9.561184211,1.734868421,1180
2019/04/12,9.580263158,1.726315789,1200
2019/04/13,9.603947368,1.713157895,1200
2019/04/14,9.599342105,1.710526316,1200
2019/04/15,9.623684211,1.690789474,1180
2019/04/16,9.665789474,1.697368421,1160
2019/04/17,9.725,1.699342105,1180
2019/04/18,9.775,1.680263158,1180
2019/04/19,9.815789474,1.676973684,1140
2019/04/20,9.867763158,1.678947368,1140
2019/04/21,9.924342105,1.671710526,1140
2019/04/22,10.01644737,1.664473684,1140
2019/04/23,10.1,1.708552632,1140
2019/04/24,10.18684211,1.744078947,1240
2019/04/25,10.24736842,1.743421053,1240
2019/04/26,10.25,1.784210526,1240
2019/04/27,10.27434211,1.778947368,1240
2019/04/28,10.28815789,1.780921053,1240
2019/04/29,10.30197368,1.930263158,1220
2019/04/30,10.35855263,1.932236842,1280
2019/05/01,10.42105263,1.938815789,1280
2019/05/02,10.49802632,1.938815789,1280
2019/05/03,10.56578947,1.932894737,1220
2019/05/04,10.63947368,1.878289474,1220
2019/05/05,10.72302632,1.797368421,1220
2019/05/06,10.80065789,1.761842105,1220
2019/05/07,10.89473684,1.7375,1280
2019/05/08,11.02105263,1.734210526,1280
2019/05/09,11.18157895,1.729605263,1290
2019/05/10,11.34934211,1.725,1290
2019/05/11,11.48947368,1.720394737,1290
2019/05/12,11.64078947,1.711842105,1290
2019/05/13,11.77434211,1.690131579,1290
2019/05/14,11.91381579,1.688157895,1330
2019/05/15,12.07171053,1.636184211,1420
2019/05/16,12.22171053,1.633552632,1480
2019/05/17,12.36973684,1.671710526,1520
2019/05/18,12.46184211,1.842763158,1520
2019/05/19,12.55394737,1.886184211,1520
2019/05/20,12.6125,1.896710526,1580
2019/05/21,12.7,1.85,1580
2019/05/22,12.79605263,1.85,1580
2019/05/23,12.89671053,1.847368421,1540
2019/05/24,13.03355263,1.834868421,1520
2019/05/25,13.19407895,1.834868421,1520
2019/05/26,13.35131579,1.8375,1520
2019/05/27,13.44802632,2.026315789,1540
2019/05/28,13.60394737,2.021710526,1610
2019/05/29,13.79802632,2.011184211,1600
2019/05/30,13.98092105,2.007894737,1640
2019/05/31,14.12828947,2.013815789,1700
2019/06/01,14.26710526,2.013815789,1700
2019/06/02,14.43157895,2.0125,1700
2019/06/03,14.60263158,2.021052632,1680
2019/06/04,14.76644737,2.025657895,1540
2019/06/05,14.92697368,2.023684211,1480
2019/06/06,15.06513158,2.170394737,1480
2019/06/07,15.16644737,2.318421053,1560
2019/06/08,15.29605263,2.321710526,1560
2019/06/09,15.42960526,2.346052632,1560
2019/06/10,15.55526316,2.370394737,1560
2019/06/11,15.68947368,2.380263158,1560
2019/06/12,15.83881579,2.375657895,1560
2019/06/13,16.00197368,2.371052632,1540
2019/06/14,16.14342105,2.411842105,1540
2019/06/15,16.26447368,2.455921053,1540
2019/06/16,16.39210526,2.465131579,1540
2019/06/17,16.55263158,2.465131579,1540
2019/06/18,16.68552632,2.486842105,1540
2019/06/19,16.81052632,2.496052632,1540
2019/06/20,16.93881579,2.491447368,1500
2019/06/21,17.08815789,2.522368421,1500
2019/06/22,17.22434211,2.559868421,1500
2019/06/23,17.34210526,2.568421053,1500
2019/06/24,17.46315789,2.569736842,1500
2019/06/25,17.60657895,2.573026316,1520
2019/06/26,17.72960526,2.810526316,1520
2019/06/27,17.89210526,2.900657895,1580
2019/06/28,18.02763158,2.909210526,1740
2019/06/29,18.13815789,3.126315789,1740
2019/06/30,18.27039474,3.126973684,1740
2019/07/01,18.37894737,3.133552632,1620
2019/07/02,18.53684211,3.085526316,1620
2019/07/03,18.69473684,3.093421053,1520
2019/07/04,18.84210526,3.092763158,1510
2019/07/05,18.98421053,3.009210526,1510
2019/07/06,19.14210526,3.017763158,1510
2019/07/07,19.25328947,3.023684211,1510
2019/07/08,19.34473684,3.034210526,1560
2019/07/09,19.46973684,3.035526316,1560
2019/07/10,19.59868421,3.163815789,1620
2019/07/11,19.75394737,3.220394737,1800
2019/07/12,19.91513158,3.221710526,1800
2019/07/13,20.06842105,3.254605263,1800
2019/07/14,20.21842105,3.2875,1800
2019/07/15,20.36118421,3.357894737,1780
2019/07/16,20.50657895,3.394736842,1780
2019/07/17,20.65460526,3.420394737,1760
2019/07/18,20.81315789,3.519078947,1780
2019/07/19,20.95723684,3.682894737,1780
2019/07/20,21.08355263,4.065131579,1780
2019/07/21,21.22565789,4.0875,1780
2019/07/22,21.38552632,4.113157895,1800
2019/07/23,21.53618421,4.113815789,1700
2019/07/24,21.65657895,4.111842105,1640
2019/07/25,21.76052632,4.218421053,1640
2019/07/26,21.85723684,4.355263158,1580
2019/07/27,21.97105263,4.456578947,1580
2019/07/28,22.08223684,4.549342105,1580
2019/07/29,22.2125,4.549342105,1800
2019/07/30,22.33486842,4.582894737,1800
2019/07/31,22.45460526,4.703947368,1800
2019/08/01,22.57434211,4.776315789,1860
2019/08/02,22.70131579,4.775,2000
2019/08/03,22.825,4.797368421,2000
2019/08/04,22.95394737,4.821710526,2000
2019/08/05,23.08684211,4.831578947,2040
2019/08/06,23.21842105,4.915789474,2080
2019/08/07,23.33223684,5.042763158,2080
2019/08/08,23.44605263,5.068421053,2240
2019/08/09,23.58881579,4.989473684,2240
2019/08/10,23.72894737,4.982236842,2240
2019/08/11,23.86052632,5.055263158,2240
2019/08/12,24.00263158,5.183552632,2040
2019/08/13,24.14671053,5.198026316,1940
2019/08/14,24.28157895,5.184868421,1800
2019/08/15,24.39868421,5.294078947,1800
2019/08/16,24.51381579,5.286184211,1840
2019/08/17,24.61842105,5.270394737,1840
2019/08/18,24.69539474,5.284868421,1840
2019/08/19,24.78289474,5.198684211,1880
2019/08/20,24.88421053,5.186184211,1920
2019/08/21,25.01184211,5.255263158,1780
2019/08/22,25.14276316,5.438157895,1760
2019/08/23,25.26184211,5.438157895,1760
2019/08/24,25.35328947,5.438157895,1760
2019/08/25,25.41644737,5.448684211,1760
2019/08/26,25.48355263,5.456578947,1720
2019/08/27,25.54539474,5.566447368,1680
2019/08/28,25.61644737,5.586842105,1680
2019/08/29,25.70197368,5.617763158,1720
2019/08/30,25.82565789,5.616447368,1720
2019/08/31,25.93684211,5.617105263,1720
2019/09/01,26.02434211,5.636184211,1720
2019/09/02,26.09473684,5.686184211,1720
2019/09/03,26.14078947,5.794736842,1740
2019/09/04,26.18947368,5.880921053,1760
2019/09/05,26.25723684,6.022368421,1840
2019/09/06,26.32697368,6.030263158,1880
2019/09/07,26.39078947,6.125,1880
2019/09/08,26.475,5.988157895,1880
2019/09/09,26.59605263,6.000657895,2040
2019/09/10,26.69539474,6.157894737,2200
2019/09/11,26.76315789,6.210526316,2280
2019/09/12,26.79473684,6.238157895,2280
2019/09/13,26.87697368,6.233552632,2280
2019/09/14,26.92894737,6.238157895,2280
2019/09/15,26.96513158,6.253289474,2280
2019/09/16,27,6.242763158,2120
2019/09/17,27.04144737,6.243421053,2060
2019/09/18,27.10986842,6.242763158,2060
2019/09/19,27.13618421,6.241447368,2060
2019/09/20,27.14605263,6.241447368,1880
2019/09/21,27.11447368,6.555263158,1880
2019/09/22,27.09934211,6.980921053,1880
2019/09/23,27.10065789,6.950657895,2080
2019/09/24,27.15263158,6.921710526,2180
2019/09/25,27.23815789,6.880921053,2240
2019/09/26,27.29407895,6.882236842,2080
2019/09/27,27.35855263,6.935526316,1940
2019/09/28,27.44276316,6.809868421,1940
2019/09/29,27.49473684,6.846052632,1940
2019/09/30,27.53486842,6.871052632,1880
2019/10/01,27.54013158,7.015131579,1860
2019/10/02,27.52105263,7.694078947,1820
2019/10/03,27.51842105,7.867763158,1820
2019/10/04,27.51710526,7.8875,2040
2019/10/05,27.53289474,7.918421053,2040
2019/10/06,27.53421053,7.919736842,2040
2019/10/07,27.50328947,7.973026316,2040
2019/10/08,27.49013158,7.975,2020
2019/10/09,27.45526316,7.975,2020
2019/10/10,27.41973684,7.976315789,2060
2019/10/11,27.41052632,7.969078947,2040
2019/10/12,27.40328947,7.969078947,2040
2019/10/13,27.37434211,7.967763158,2040
2019/10/14,27.33486842,8.059868421,2040
2019/10/15,27.26907895,8.086184211,2060
2019/10/16,27.22368421,8.040789474,2000
2019/10/17,27.2125,7.868421053,1980
2019/10/18,27.19144737,7.873684211,1980
2019/10/19,27.20131579,7.866447368,1980
2019/10/20,27.19078947,7.866447368,1980
2019/10/21,27.16315789,7.866447368,1940
2019/10/22,27.12302632,7.868421053,1900
2019/10/23,27.04934211,7.869736842,1900
2019/10/24,26.99802632,7.909868421,1860
2019/10/25,26.95197368,7.911184211,1800
2019/10/26,26.92105263,7.721710526,1800
2019/10/27,26.87894737,7.842763158,1800
2019/10/28,26.82105263,7.855263158,1800
2019/10/29,26.76447368,7.8625,1740
2019/10/30,26.72960526,7.855263158,1740
2019/10/31,26.69934211,7.855263158,1740
2019/11/01,26.66052632,7.855263158,1740
2019/11/02,26.59934211,7.846710526,1740
2019/11/03,26.53486842,7.876973684,1740
2019/11/04,26.4625,7.882894737,1840
2019/11/05,26.41184211,7.734210526,1840
2019/11/06,26.39407895,7.580921053,1840
2019/11/07,26.33881579,7.579605263,1840
2019/11/08,26.27565789,7.577631579,1840
2019/11/09,26.24342105,7.571052632,1840
2019/11/10,26.19473684,7.608552632,1840
2019/11/11,26.13684211,7.616447368,1760
2019/11/12,26.06315789,7.619736842,1760
2019/11/13,25.99473684,7.594078947,1760
2019/11/14,25.88289474,7.534868421,1780
2019/11/15,25.80526316,7.567105263,1780
2019/11/16,25.74473684,7.572368421,1780
2019/11/17,25.68026316,7.663815789,1780
2019/11/18,25.61118421,7.736184211,1840
2019/11/19,25.46907895,7.7375,1960
2019/11/20,25.34144737,7.706578947,1960
2019/11/21,25.24671053,7.669078947,2060
2019/11/22,25.18486842,7.660526316,2060
2019/11/23,25.12105263,7.659868421,2060
2019/11/24,25.05065789,7.665789474,2060
2019/11/25,24.9625,7.483552632,1940
2019/11/26,24.86447368,7.405263158,1860
2019/11/27,24.74605263,7.418421053,1820
2019/11/28,24.65723684,7.271710526,1820
2019/11/29,24.53684211,7.297368421,1780
2019/11/30,24.44539474,7.294736842,1780
2019/12/01,24.31118421,7.380921053,1780
2019/12/02,24.17236842,7.374342105,1780
2019/12/03,24.01381579,7.378289474,1780
2019/12/04,23.86776316,7.372368421,1880
2019/12/05,23.69736842,7.365131579,1840
2019/12/06,23.53026316,7.369078947,1840
2019/12/07,23.39342105,7.359210526,1840
2019/12/08,23.27105263,7.351973684,1840
2019/12/09,23.18618421,7.217105263,1840
2019/12/10,23.10657895,7.1625,1840
2019/12/11,23.01315789,7.159210526,1800
2019/12/12,22.875,7.123026316,1740
2019/12/13,22.74013158,7.094736842,1780
2019/12/14,22.62105263,7.010526316,1780
2019/12/15,22.51513158,6.971052632,1780
2019/12/16,22.41842105,6.943421053,1740
2019/12/17,22.32039474,6.861842105,1720
2019/12/18,22.19210526,6.717105263,1720
2019/12/19,22.06184211,6.338815789,1720
2019/12/20,21.91710526,6.204605263,1720
2019/12/21,21.74276316,6.181578947,1720
2019/12/22,21.59013158,6.196052632,1720
2019/12/23,21.45526316,6.195394737,1720
2019/12/24,21.32368421,6.095394737,1740
2019/12/25,21.20657895,5.959868421,1740
2019/12/26,21.05,5.871052632,1680
2019/12/27,20.88881579,5.780921053,1680
2019/12/28,20.72960526,5.779605263,1680
2019/12/29,20.56513158,5.793421053,1680
2019/12/30,20.42171053,5.677631579,1740
2019/12/31,20.21184211,5.603289474,1920
2020/01/01,20.01513158,5.598684211,1920
2020/01/02,19.83486842,5.573684211,1940
2020/01/03,19.66315789,5.548026316,1900
2020/01/04,19.49078947,5.535526316,1900
2020/01/05,19.33947368,5.446710526,1900
2020/01/06,19.17302632,5.380263158,1860
2020/01/07,19.04605263,5.6,1860
2020/01/08,18.90131579,5.628947368,1760
2020/01/09,18.71973684,5.626973684,1760
2020/01/10,18.56052632,5.547368421,1740
2020/01/11,18.40394737,5.419078947,1740
2020/01/12,18.21776316,5.411184211,1740
2020/01/13,18.03026316,5.400657895,1680
2020/01/14,17.87105263,5.313157895,1620
2020/01/15,17.7,5.298684211,1620
2020/01/16,17.53684211,5.272368421,1620
2020/01/17,17.38157895,5.273026316,1580
2020/01/18,17.23026316,5.268421053,1580
2020/01/19,17.07565789,5.265789474,1580
2020/01/20,16.92631579,5.196710526,1460
2020/01/21,16.775,5.013815789,1600
2020/01/22,16.62302632,5.065789474,1600
2020/01/23,16.51052632,5.084210526,1580
2020/01/24,16.39473684,5.121052632,1580
2020/01/25,16.26184211,5.120394737,1580
2020/01/26,16.16513158,5.006578947,1580
2020/01/27,16.03618421,5.090131579,1580
2020/01/28,15.93684211,5.053289474,1450
2020/01/29,15.81578947,5.060526316,1520
2020/01/30,15.68881579,5.066447368,1520
2020/01/31,15.56644737,5.044078947,1460
2020/02/01,15.45526316,4.951973684,1460
2020/02/02,15.34605263,4.844078947,1460
2020/02/03,15.21447368,4.758552632,1420
2020/02/04,15.06710526,4.604605263,1520
2020/02/05,14.8875,4.572368421,1500
2020/02/06,14.71447368,4.482894737,1480
2020/02/07,14.56578947,4.469078947,1380
2020/02/08,14.41842105,4.413815789,1380
2020/02/09,14.26776316,4.259210526,1380
2020/02/10,14.15789474,4.200657895,1340
2020/02/11,14.09342105,4.175657895,1400
2020/02/12,13.98421053,4.263157895,1340
2020/02/13,13.88815789,4.260526316,1300
2020/02/14,13.80592105,4.238815789,1120
2020/02/15,13.72828947,4.243421053,1120
2020/02/16,13.60197368,4.285526316,1120
2020/02/17,13.41842105,4.305263158,1160
2020/02/18,13.27894737,4.311184211,1280
2020/02/19,13.18486842,4.309868421,1380
2020/02/20,13.13223684,3.996052632,1460
2020/02/21,13.09802632,3.538815789,1450
2020/02/22,13.01973684,3.534868421,1450
2020/02/23,12.92039474,3.534868421,1450
2020/02/24,12.85526316,3.5375,1425
2020/02/25,12.75197368,3.702631579,1375
2020/02/26,12.65394737,3.663157895,1375
2020/02/27,12.54276316,3.642105263,1325
2020/02/28,12.40131579,3.621710526,1225
2020/02/29,12.29671053,3.607894737,1225
2020/03/01,12.21447368,3.465789474,1225
2020/03/02,12.12828947,2.789473684,1025
2020/03/03,12.0375,2.617105263,1025
2020/03/04,11.91842105,2.598026316,1025
2020/03/05,11.82565789,2.564473684,1050
2020/03/06,11.76118421,2.563157895,1050
2020/03/07,11.7125,2.534868421,1050
2020/03/08,11.67434211,2.532894737,1050
2020/03/09,11.63223684,2.569078947,960
2020/03/10,11.55657895,2.628947368,1060
2020/03/11,11.45921053,2.653947368,1140
2020/03/12,11.40328947,2.652631579,1140
2020/03/13,11.34473684,2.653289474,1100
2020/03/14,11.27236842,2.563815789,1100
2020/03/15,11.22434211,2.542763158,1100
2020/03/16,11.15986842,2.563157895,1160
2020/03/17,11.12105263,2.566447368,1080
2020/03/18,11.11118421,2.517763158,1080
2020/03/19,11.06842105,2.515131579,1020
2020/03/20,11.02302632,2.515131579,1040
2020/03/21,11.00986842,2.525,1040
2020/03/22,10.98289474,2.525,1040
2020/03/23,10.96447368,2.523684211,1060
2020/03/24,10.93355263,2.483552632,1060
2020/03/25,10.91315789,2.478289474,1060
2020/03/26,10.91973684,2.546710526,1100
2020/03/27,10.91447368,2.461184211,1060
2020/03/28,10.86644737,2.463157895,1060
2020/03/29,10.83815789,2.457894737,1060
2020/03/30,10.82960526,2.457894737,1080
2020/03/31,10.81842105,2.459868421,1040
2020/04/01,10.79078947,2.467763158,1040
2020/04/02,10.76907895,2.467763158,1040
2020/04/03,10.75460526,2.432894737,1040
2020/04/04,10.73947368,2.426973684,1040
2020/04/05,10.70855263,2.426315789,1040
2020/04/06,10.69736842,2.426315789,1040
2020/04/07,10.70986842,2.440789474,1140
2020/04/08,10.71447368,2.438815789,1180
2020/04/09,10.70460526,2.416447368,1180
2020/04/10,10.69473684,2.364473684,1160
2020/04/11,10.67368421,2.392763158,1160
2020/04/12,10.65263158,2.419736842,1160
2020/04/13,10.66381579,2.400657895,1160
2020/04/14,10.74210526,2.4,1220
2020/04/15,10.78421053,2.357894737,1220
2020/04/16,10.80328947,2.352631579,1300
2020/04/17,10.80065789,2.333552632,1300
2020/04/18,10.80986842,2.257894737,1300
2020/04/19,10.85657895,2.383552632,1300
2020/04/20,10.90592105,2.386184211,1320
2020/04/21,10.91710526,2.386842105,1360
2020/04/22,10.87960526,2.386842105,1380
2020/04/23,10.85328947,2.388815789,1550
2020/04/24,10.83289474,2.382894737,1580
2020/04/25,10.89934211,2.306578947,1580
2020/04/26,10.93026316,2.303289474,1580
2020/04/27,10.98421053,2.286184211,1420
2020/04/28,11.04868421,2.213815789,1440
2020/04/29,11.13289474,2.1875,1440
2020/04/30,11.20789474,2.182894737,1440
2020/05/01,11.33026316,2.094736842,1440
2020/05/02,11.44802632,2.102631579,1440
2020/05/03,11.54539474,2.201973684,1440
2020/05/04,11.65394737,2.201315789,1440
2020/05/05,11.75328947,2.211184211,1440
2020/05/06,11.90394737,2.201315789,1660
2020/05/07,12.01842105,2.2,1640
2020/05/08,12.12105263,2.225657895,1620
2020/05/09,12.17565789,2.449342105,1620
2020/05/10,12.21644737,2.443421053,1620
2020/05/11,12.28881579,2.446052632,1500
2020/05/12,12.39144737,2.45,1420
2020/05/13,12.4875,2.445394737,1560
2020/05/14,12.59736842,2.441447368,1640
2020/05/15,12.64078947,2.561184211,1700
2020/05/16,12.69276316,2.563157895,1700
2020/05/17,12.77368421,2.572368421,1700
2020/05/18,12.86842105,2.665789474,1620
2020/05/19,12.93684211,2.7125,1720
2020/05/20,13.02697368,2.728947368,1760
2020/05/21,13.13486842,2.728289474,1760
2020/05/22,13.22236842,2.719078947,1780
2020/05/23,13.32368421,2.724342105,1780
2020/05/24,13.42105263,2.746052632,1780
2020/05/25,13.49605263,2.745394737,1760
2020/05/26,13.61381579,2.738815789,1780
2020/05/27,13.74144737,2.736184211,1760
2020/05/28,13.85460526,2.733552632,1760
2020/05/29,13.98092105,2.685526316,1740
2020/05/30,14.09013158,2.683552632,1740
2020/05/31,14.25065789,2.706578947,1740
2020/06/01,14.39407895,2.709210526,1780
2020/06/02,14.51776316,2.716447368,1780
2020/06/03,14.64539474,2.721052632,1800
2020/06/04,14.78684211,2.7125,1800
2020/06/05,14.91973684,2.705263158,1700
2020/06/06,15.05986842,2.682894737,1700
2020/06/07,15.15394737,2.421052632,1700
2020/06/08,15.28421053,2.390131579,1680
2020/06/09,15.4625,2.388815789,1680
2020/06/10,15.62039474,2.465131579,1700
2020/06/11,15.76973684,2.525657895,1720
2020/06/12,15.91710526,2.604605263,1740
2020/06/13,16.07763158,2.778947368,1740
2020/06/14,16.22960526,2.876315789,1740
2020/06/15,16.38881579,2.876315789,2260
2020/06/16,16.54013158,2.876315789,2120
2020/06/17,16.67236842,2.886842105,1920
2020/06/18,16.76973684,3.068421053,1880
2020/06/19,16.90131579,3.076973684,1932
2020/06/20,17.03552632,3.081578947,1932
2020/06/21,17.17828947,3.082236842,1932
2020/06/22,17.34210526,3.030263158,1864
2020/06/23,17.47302632,3.014473684,1864
2020/06/24,17.56447368,3.121052632,1932
2020/06/25,17.65855263,3.149342105,1966
2020/06/26,17.76907895,3.140131579,1972
2020/06/27,17.90657895,3.032894737,1972
2020/06/28,18.03026316,3.031578947,1972
2020/06/29,18.13421053,3.2875,1806
2020/06/30,18.23026316,3.444736842,1846
2020/07/01,18.34407895,3.455921053,1826
2020/07/02,18.47236842,3.463157895,1886
2020/07/03,18.57697368,3.507894737,1886
2020/07/04,18.70131579,3.511842105,1886
2020/07/05,18.83421053,3.510526316,1886
2020/07/06,19.00197368,3.565131579,1806
2020/07/07,19.17236842,3.603947368,1826
2020/07/08,19.32697368,3.605263158,1826
2020/07/09,19.47828947,3.611184211,1792
2020/07/10,19.61578947,3.833552632,1792
2020/07/11,19.72565789,3.851973684,1792
2020/07/12,19.79013158,4.046710526,1792
2020/07/13,19.86052632,4.480263158,2112
2020/07/14,19.91907895,4.538157895,2112
2020/07/15,19.96776316,4.561184211,2092
2020/07/16,20.04144737,4.560526316,2072
2020/07/17,20.17368421,4.536842105,1952
2020/07/18,20.35131579,4.531578947,1952
2020/07/19,20.50065789,4.567105263,1952
2020/07/20,20.62565789,4.621052632,1982
2020/07/21,20.73618421,4.665789474,1982
2020/07/22,20.80855263,4.851973684,1822
2020/07/23,20.89671053,5.273684211,1822
2020/07/24,20.9875,5.415131579,1902
2020/07/25,21.05789474,5.471052632,1902
2020/07/26,21.16907895,5.318421053,1902
2020/07/27,21.25789474,5.398026316,2074
2020/07/28,21.3625,5.493421053,2162
2020/07/29,21.48947368,5.692105263,2112
2020/07/30,21.59342105,5.879605263,2144
2020/07/31,21.71447368,5.916447368,2612
2020/08/01,21.84605263,6.015131579,2612
2020/08/02,21.96118421,6.241447368,2612
2020/08/03,22.09605263,6.507236842,2642
2020/08/04,22.24605263,6.663815789,2714
2020/08/05,22.36052632,6.788815789,2782
2020/08/06,22.475,6.95,2742
2020/08/07,22.54144737,7.211842105,3142
2020/08/08,22.61447368,7.649342105,3142
2020/08/09,22.74210526,7.748026316,3142
2020/08/10,22.86776316,7.938157895,3528
2020/08/11,22.96118421,8.121710526,3738
2020/08/12,23.07697368,8.166447368,4138
2020/08/13,23.21907895,8.163815789,3544
2020/08/14,23.35328947,8.172368421,3344
2020/08/15,23.49276316,8.297368421,3344
2020/08/16,23.61315789,8.295394737,3344
2020/08/17,23.71052632,8.296052632,3344
2020/08/18,23.82302632,8.293421053,3292
2020/08/19,23.93947368,8.293421053,3052
2020/08/20,24.01973684,8.316447368,2852
2020/08/21,24.1,8.354605263,2818
2020/08/22,24.18092105,8.425657895,2818
2020/08/23,24.26973684,8.446052632,2818
2020/08/24,24.35131579,8.447368421,2932
2020/08/25,24.45263158,8.396052632,2784
2020/08/26,24.55263158,8.513815789,2878
2020/08/27,24.68092105,8.572368421,2902
2020/08/28,24.79276316,8.6625,3104
2020/08/29,24.88421053,8.752631579,3104
2020/08/30,24.96710526,8.826315789,3104
2020/08/31,25.04605263,8.846052632,2684
2020/09/01,25.13026316,8.852631579,2484
2020/09/02,25.18618421,9.223684211,2352
2020/09/03,25.25789474,9.515789474,2662
2020/09/04,25.35,9.525657895,3884
2020/09/05,25.39736842,9.574342105,3884
2020/09/06,25.42368421,9.654605263,3884
2020/09/07,25.47302632,10.05460526,3764
2020/09/08,25.55197368,10.06118421,3692
2020/09/09,25.63026316,10.12697368,3592
2020/09/10,25.71907895,10.10526316,3232
2020/09/11,25.79276316,10.12434211,3336
2020/09/12,25.84144737,10.18618421,3336
2020/09/13,25.86447368,10.21644737,3336
2020/09/14,25.90460526,10.22105263,3052
2020/09/15,25.95131579,10.22105263,2992
2020/09/16,26.00986842,10.15986842,3036
2020/09/17,26.04605263,10.18421053,3126
2020/09/18,26.11118421,10.06842105,3126
2020/09/19,26.17039474,10.08092105,3126
2020/09/20,26.24144737,10.08026316,3126
2020/09/21,26.31973684,10.08026316,3046
2020/09/22,26.37828947,10.07828947,2932
2020/09/23,26.42039474,10.08355263,2982
2020/09/24,26.44210526,10.09210526,3052
2020/09/25,26.48355263,10.14210526,3122
2020/09/26,26.52368421,10.15986842,3122
2020/09/27,26.54934211,10.16578947,3122
2020/09/28,26.56052632,10.16578947,3642
2020/09/29,26.56118421,10.16578947,3636
2020/09/30,26.54210526,10.22697368,3636
2020/10/01,26.53552632,10.21907895,3636
2020/10/02,26.55526316,10.12105263,3636
2020/10/03,26.54342105,10.13881579,3636
2020/10/04,26.55789474,10.13157895,3636
2020/10/05,26.51907895,10.13157895,3312
2020/10/06,26.49802632,10.13157895,3282
2020/10/07,26.48552632,10.10592105,3356
2020/10/08,26.50986842,9.873684211,3282
2020/10/09,26.52631579,9.869078947,3282
2020/10/10,26.50921053,9.864473684,3282
2020/10/11,26.50657895,9.859868421,3282
2020/10/12,26.50394737,9.860526316,3182
2020/10/13,26.46315789,9.892105263,2892
2020/10/14,26.46776316,9.775,2872
2020/10/15,26.45,9.819078947,2772
2020/10/16,26.39539474,9.802631579,2796
2020/10/17,26.37368421,9.692105263,2796
2020/10/18,26.39407895,9.638157895,2796
2020/10/19,26.40526316,9.619736842,2822
2020/10/20,26.40986842,9.617763158,2982
2020/10/21,26.38026316,9.684210526,2982
2020/10/22,26.34276316,9.696710526,2942
2020/10/23,26.28815789,9.669078947,3022
2020/10/24,26.24210526,9.668421053,3022
2020/10/25,26.21184211,9.6625,3022
2020/10/26,26.18157895,9.661842105,2926
2020/10/27,26.15460526,9.661184211,2902
2020/10/28,26.11447368,9.660526316,2992
2020/10/29,26.05657895,9.657236842,2992
2020/10/30,26.01184211,9.631578947,3052
2020/10/31,25.96381579,9.628947368,3052
2020/11/01,25.89539474,9.642105263,3052
2020/11/02,25.82894737,9.646710526,3032
2020/11/03,25.70723684,9.648684211,2992
2020/11/04,25.59671053,9.648026316,2986
2020/11/05,25.52171053,9.609868421,2986
2020/11/06,25.44671053,9.609210526,2936
2020/11/07,25.37565789,9.609210526,2936
2020/11/08,25.26776316,9.609210526,2936
2020/11/09,25.14078947,9.532894737,2942
2020/11/10,25.0375,9.471710526,2962
2020/11/11,24.9625,9.385526316,2862
2020/11/12,24.89407895,9.209868421,2962
2020/11/13,24.83355263,9.088157895,3012
2020/11/14,24.76776316,9.086842105,3012
2020/11/15,24.70065789,9.086842105,3012
2020/11/16,24.64934211,9.063157895,3086
2020/11/17,24.63486842,8.873684211,3176
2020/11/18,24.59605263,8.882236842,3036
2020/11/19,24.55855263,9.068421053,3054
2020/11/20,24.44407895,9.059868421,3044
2020/11/21,24.32697368,9.061184211,3044
2020/11/22,24.19868421,9.074342105,3044
2020/11/23,24.09671053,8.95,3134
2020/11/24,24.01118421,8.911842105,3012
2020/11/25,23.90986842,8.907894737,2932
2020/11/26,23.80065789,8.907236842,2932
2020/11/27,23.67697368,8.913157895,2832
2020/11/28,23.55197368,8.673684211,2832
2020/11/29,23.44144737,8.508552632,2832
2020/11/30,23.325,8.496710526,2702
2020/12/01,23.19934211,8.488815789,2612
2020/12/02,23.10197368,8.444736842,2572
2020/12/03,22.98815789,8.443421053,2682
2020/12/04,22.85657895,8.448026316,2682
2020/12/05,22.73421053,8.389473684,2682
2020/12/06,22.61381579,8.346052632,2682
2020/12/07,22.48486842,8.344736842,2672
2020/12/08,22.33552632,8.336842105,2552
2020/12/09,22.21184211,8.111842105,2552
2020/12/10,22.09736842,8.095394737,2312
2020/12/11,22.01513158,7.898026316,2312
2020/12/12,21.93355263,7.375657895,2312
2020/12/13,21.84013158,7.329605263,2312
2020/12/14,21.68092105,7.322368421,2186
2020/12/15,21.49473684,7.319078947,2242
2020/12/16,21.30394737,7.304605263,2232
2020/12/17,21.14473684,7.291447368,2382
2020/12/18,21.00328947,7.251315789,2342
2020/12/19,20.82894737,7.197368421,2342
2020/12/20,20.6625,7.155263158,2342
2020/12/21,20.53684211,6.957894737,2352
2020/12/22,20.43092105,6.526315789,2192
2020/12/23,20.33552632,6.384868421,2152
2020/12/24,20.22960526,6.326315789,2222
2020/12/25,20.08355263,6.313157895,2222
2020/12/26,19.97171053,6.217763158,2222
2020/12/27,19.85460526,6.155921053,2222
2020/12/28,19.7625,5.941447368,2242
2020/12/29,19.63881579,5.748684211,2302
2020/12/30,19.43421053,5.724342105,2632
2020/12/31,19.23289474,5.628947368,2652
2021/01/01,19.05131579,5.403947368,2652
2021/01/02,18.87236842,5.140131579,2652
2021/01/03,18.67828947,4.982236842,2652
2021/01/04,18.51513158,4.859868421,2822
2021/01/05,18.34736842,4.675,2992
2021/01/06,18.17434211,4.421710526,3042
2021/01/07,17.98289474,3.959868421,3386
2021/01/08,17.74539474,3.8125,3206
2021/01/09,17.53092105,3.611184211,3206
2021/01/10,17.33947368,3.432894737,3206
2021/01/11,17.13157895,3.400657895,3206
2021/01/12,16.94276316,3.405921053,3346
2021/01/13,16.8,3.392105263,3346
2021/01/14,16.66184211,3.246710526,3516
2021/01/15,16.53815789,3.246710526,3616
2021/01/16,16.35526316,3.275657895,3616
2021/01/17,16.14407895,3.278289474,3616
2021/01/18,15.95131579,3.290131579,3912
2021/01/19,15.74473684,3.259868421,3792
2021/01/20,15.59934211,3.219736842,3832
2021/01/21,15.475,3.175,3792
2021/01/22,15.33947368,3.166447368,3702
2021/01/23,15.19934211,3.202631579,3702
2021/01/24,15.05723684,3.186842105,3702
2021/01/25,14.93421053,3.034210526,3902
2021/01/26,14.78289474,3.002631579,3892
2021/01/27,14.63355263,2.909868421,4122
2021/01/28,14.47631579,2.828289474,4202
2021/01/29,14.26447368,2.755921053,4532
2021/01/30,14.12039474,2.729605263,4532
2021/01/31,13.99934211,2.732894737,4532
2021/02/01,13.89736842,2.429605263,4432
2021/02/02,13.74407895,2.138157895,4462
2021/02/03,13.58289474,2.1375,4582
2021/02/04,13.45592105,2.095394737,4952
2021/02/05,13.35657895,2.006578947,5292
2021/02/06,13.28026316,1.585526316,5292
2021/02/07,13.175,1.592763158,5292
2021/02/08,13.02434211,1.614473684,5032
2021/02/09,12.88815789,1.605263158,4872
2021/02/10,12.79013158,1.555921053,5092
2021/02/11,12.7125,1.493421053,5092
2021/02/12,12.65065789,1.463157895,5092
2021/02/13,12.5875,1.458552632,5092
2021/02/14,12.50526316,1.475,5092
2021/02/15,12.40394737,1.446052632,5142
2021/02/16,12.27171053,1.423684211,5092
2021/02/17,12.09407895,1.424342105,4992
2021/02/18,11.92894737,1.413157895,5472
2021/02/19,11.83157895,1.413157895,5572
2021/02/20,11.78486842,1.413157895,5572
2021/02/21,11.76973684,1.4125,5572
2021/02/22,11.73881579,1.403947368,5612
2021/02/23,11.63552632,1.413815789,6092
2021/02/24,11.54144737,1.354605263,5892
2021/02/25,11.43881579,1.376315789,5712
2021/02/26,11.36644737,1.384868421,5712
2021/02/27,11.28157895,1.396052632,5712
2021/02/28,11.20460526,1.398684211,5712
2021/03/01,11.13223684,1.652631579,5712
2021/03/02,11.01710526,1.673684211,5792
2021/03/03,10.91842105,1.668421053,5792
2021/03/04,10.82828947,1.700657895,5792
2021/03/05,10.79210526,1.7,5892
2021/03/06,10.73947368,1.715789474,5892
2021/03/07,10.67434211,1.717105263,5892
2021/03/08,10.61842105,1.717763158,5812
2021/03/09,10.56381579,1.717763158,5372
2021/03/10,10.52171053,1.717763158,5432
2021/03/11,10.49078947,1.744736842,5012
2021/03/12,10.42171053,1.829605263,5052
2021/03/13,10.36973684,1.828947368,5052
2021/03/14,10.33947368,1.797368421,5052
2021/03/15,10.32302632,1.798026316,4412
2021/03/16,10.30789474,1.763815789,4472
2021/03/17,10.30723684,1.752631579,4432
2021/03/18,10.29013158,1.750657895,4332
2021/03/19,10.26842105,1.769736842,4432
2021/03/20,10.20394737,1.813157895,4432
2021/03/21,10.13092105,1.813815789,4432
2021/03/22,10.09210526,1.747368421,5012
2021/03/23,10.08092105,1.723026316,4892
2021/03/24,10.09276316,1.721710526,4892
2021/03/25,10.12105263,1.721710526,4732
2021/03/26,10.13289474,1.721710526,4432
2021/03/27,10.10789474,1.905921053,4432
2021/03/28,10.07631579,1.941447368,4432
2021/03/29,10.05855263,1.942763158,4452
2021/03/30,10.06907895,1.942763158,4392
2021/03/31,10.08881579,1.942105263,4292
2021/04/01,10.09736842,1.977631579,4352
2021/04/02,10.13881579,1.963815789,4032
2021/04/03,10.14078947,2.154605263,4032
2021/04/04,10.15921053,2.2125,4032
2021/04/05,10.18881579,2.226315789,4266
2021/04/06,10.20789474,2.226315789,4266
2021/04/07,10.23421053,2.225657895,4226
2021/04/08,10.22171053,2.228947368,4366
2021/04/09,10.22565789,2.242105263,4306
2021/04/10,10.26052632,2.242105263,4306
2021/04/11,10.30460526,2.242105263,4306
2021/04/12,10.30328947,2.393421053,4712
2021/04/13,10.29276316,2.416447368,4352
2021/04/14,10.27105263,2.472368421,4532
2021/04/15,10.26513158,2.472368421,4612
2021/04/16,10.25789474,2.474342105,4452
2021/04/17,10.24013158,2.475,4452
2021/04/18,10.21447368,2.521052632,4452
2021/04/19,10.21315789,2.502631579,4492
2021/04/20,10.22763158,2.311842105,4152
2021/04/21,10.32302632,2.310526316,4192
2021/04/22,10.40263158,2.309210526,4000
2021/04/23,10.47368421,2.293421053,4272
2021/04/24,10.5625,2.267763158,4272
2021/04/25,10.63289474,2.268421053,4272
2021/04/26,10.68684211,2.268421053,3892
2021/04/27,10.7375,2.268421053,3820
2021/04/28,10.80986842,2.254605263,3592
2021/04/29,10.90263158,2.240789474,3592
2021/04/30,10.975,2.289473684,3532
2021/05/01,11.01578947,2.350657895,3532
2021/05/02,11.07828947,2.365789474,3532
2021/05/03,11.15789474,2.364473684,3812
2021/05/04,11.23618421,2.491447368,3600